Date,AAPL
2007-07-24,4.155820369720459
2007-07-25,4.228837966918945
2007-07-26,4.498108386993408
2007-07-27,4.431869029998779
2007-07-30,4.357310771942139
2007-07-31,4.059388637542725
2007-08-01,4.159210205078125
2007-08-02,4.205114364624023
2007-08-03,4.062162399291992
2007-08-06,4.1669111251831055
2007-08-07,4.160134315490723
2007-08-08,4.128708362579346
2007-08-09,3.893944501876831
2007-08-10,3.851118803024292
2007-08-13,3.937077760696411
2007-08-14,3.821234941482544
2007-08-15,3.69399356842041
2007-08-16,3.6061885356903076
2007-08-17,3.7605419158935547
2007-08-20,3.7654714584350586
2007-08-21,3.930298328399658
2007-08-22,4.082496166229248
2007-08-23,4.038129806518555
2007-08-24,4.168452739715576
2007-08-27,4.07448673248291
2007-08-28,3.9071922302246094
2007-08-29,4.1308674812316895
2007-08-30,4.197720527648926
2007-08-31,4.266426086425781
2007-09-04,4.441420555114746
2007-09-05,4.21343469619751
2007-09-06,4.159518241882324
2007-09-07,4.059696674346924
2007-09-10,4.211892604827881
2007-09-11,4.174305438995361
2007-09-12,4.2162065505981445
2007-09-13,4.226988792419434
2007-09-14,4.276591777801514
2007-09-17,4.264267921447754
2007-09-18,4.341599941253662
2007-09-19,4.336977958679199
2007-09-20,4.322803497314453
2007-09-21,4.441110610961914
2007-09-24,4.568351745605469
2007-09-25,4.719318389892578
2007-09-26,4.706684589385986
2007-09-27,4.75998592376709
2007-09-28,4.728250980377197
2007-10-01,4.816673755645752
2007-10-02,4.881679058074951
2007-10-03,4.865350246429443
2007-10-04,4.813591957092285
2007-10-05,4.974106788635254
2007-10-08,5.173133373260498
2007-10-09,5.171592712402344
2007-10-10,5.138625144958496
2007-10-11,4.9981369972229
2007-10-12,5.152797698974609
2007-10-15,5.144481182098389
2007-10-16,5.224583148956299
2007-10-17,5.3222479820251465
2007-10-18,5.345354080200195
2007-10-19,5.250462532043457
2007-10-22,5.37185001373291
2007-10-23,5.7353949546813965
2007-10-24,5.728309631347656
2007-10-25,5.631261348724365
2007-10-26,5.690414905548096
2007-10-29,5.7024312019348145
2007-10-30,5.761275291442871
2007-10-31,5.852161884307861
2007-11-01,5.7748308181762695
2007-11-02,5.788079738616943
2007-11-05,5.736013412475586
2007-11-06,5.90885066986084
2007-11-07,5.739709854125977
2007-11-08,5.406048774719238
2007-11-09,5.094879150390625
2007-11-12,4.737186431884766
2007-11-13,5.236290454864502
2007-11-14,5.117676734924316
2007-11-15,5.061912536621094
2007-11-16,5.126302719116211
2007-11-19,5.05112886428833
2007-11-20,5.202092170715332
2007-11-21,5.19007682800293
2007-11-23,5.284968852996826
2007-11-26,5.315777778625488
2007-11-27,5.385713577270508
2007-11-28,5.552390098571777
2007-11-29,5.6777825355529785
2007-11-30,5.614008903503418
2007-12-03,5.510492324829102
2007-12-04,5.539759635925293
2007-12-05,5.715061187744141
2007-12-06,5.852161884307861
2007-12-07,5.986180782318115
2007-12-10,5.983407974243164
2007-12-11,5.80872106552124
2007-12-12,5.880198001861572
2007-12-13,5.910083293914795
2007-12-14,5.86571741104126
2007-12-17,5.681171894073486
2007-12-18,5.637424468994141
2007-12-19,5.641736030578613
2007-12-20,5.767745018005371
2007-12-21,5.974164962768555
2007-12-24,6.124820709228516
2007-12-26,6.129441738128662
2007-12-27,6.117734432220459
2007-12-28,6.156554222106934
2007-12-31,6.102638244628906
2008-01-02,6.002817153930664
2008-01-03,6.005590915679932
2008-01-04,5.547153949737549
2008-01-07,5.472903728485107
2008-01-08,5.276034832000732
2008-01-09,5.527127742767334
2008-01-10,5.484611988067627
2008-01-11,5.320399761199951
2008-01-14,5.508025169372559
2008-01-15,5.207946300506592
2008-01-16,4.918342113494873
2008-01-17,4.95685338973999
2008-01-18,4.971334457397461
2008-01-22,4.795106887817383
2008-01-23,4.284602165222168
2008-01-24,4.177694797515869
2008-01-25,4.005472183227539
2008-01-28,4.005472183227539
2008-01-29,4.052609920501709
2008-01-30,4.072328567504883
2008-01-31,4.170300006866455
2008-02-01,4.120699882507324
2008-02-04,4.055999279022217
2008-02-05,3.9854464530944824
2008-02-06,3.7586934566497803
2008-02-07,3.7352781295776367
2008-02-08,3.865907907485962
2008-02-11,3.9882194995880127
2008-02-12,3.8468077182769775
2008-02-13,3.986679792404175
2008-02-14,3.926909923553467
2008-02-15,3.8397202491760254
2008-02-19,3.764240026473999
2008-02-20,3.8147668838500977
2008-02-21,3.744521141052246
2008-02-22,3.68043851852417
2008-02-25,3.6890647411346436
2008-02-26,3.6708874702453613
2008-02-27,3.788269281387329
2008-02-28,4.0023908615112305
2008-02-29,3.8517379760742188
2008-03-03,3.7503745555877686
2008-03-04,3.839412212371826
2008-03-05,3.8354077339172363
2008-03-06,3.7257277965545654
2008-03-07,3.766394853591919
2008-03-10,3.6875247955322266
2008-03-11,3.92352032661438
2008-03-12,3.8828530311584473
2008-03-13,3.941696882247925
2008-03-14,3.9007227420806885
2008-03-17,3.9044196605682373
2008-03-18,4.092045783996582
2008-03-19,3.9949986934661865
2008-03-20,4.105910301208496
2008-03-24,4.298774242401123
2008-03-25,4.343446254730225
2008-03-26,4.469147682189941
2008-03-27,4.320957660675049
2008-03-28,4.405991554260254
2008-03-31,4.42108678817749
2008-04-01,4.606863975524902
2008-04-02,4.544012546539307
2008-04-03,4.67094612121582
2008-04-04,4.716236114501953
2008-04-07,4.802809238433838
2008-04-08,4.708841323852539
2008-04-09,4.665708541870117
2008-04-10,4.7615251541137695
2008-04-11,4.533231258392334
2008-04-14,4.552947998046875
2008-04-15,4.571434020996094
2008-04-16,4.735337257385254
2008-04-17,4.759676456451416
2008-04-18,4.961474418640137
2008-04-21,5.180834770202637
2008-04-22,4.9355950355529785
2008-04-23,5.0184712409973145
2008-04-24,5.2048659324646
2008-04-25,5.229204177856445
2008-04-28,5.3065338134765625
2008-04-29,5.393108367919922
2008-04-30,5.359218597412109
2008-05-01,5.545612335205078
2008-05-02,5.574573040008545
2008-05-05,5.691339492797852
2008-05-06,5.750800132751465
2008-05-07,5.625407695770264
2008-05-08,5.701506614685059
2008-05-09,5.65190315246582
2008-05-12,5.797015190124512
2008-05-13,5.852470874786377
2008-05-14,5.738476753234863
2008-05-15,5.845383167266846
2008-05-16,5.7803778648376465
2008-05-19,5.656525135040283
2008-05-20,5.727385997772217
2008-05-21,5.489847660064697
2008-05-22,5.454726219177246
2008-05-23,5.581659317016602
2008-05-27,5.743714332580566
2008-05-28,5.76158332824707
2008-05-29,5.7517242431640625
2008-05-30,5.81519079208374
2008-06-02,5.733547687530518
2008-06-03,5.711055755615234
2008-06-04,5.705512046813965
2008-06-05,5.836142063140869
2008-06-06,5.7193756103515625
2008-06-09,5.595215797424316
2008-06-10,5.7193756103515625
2008-06-11,5.5705695152282715
2008-06-12,5.337960243225098
2008-06-13,5.310540676116943
2008-06-16,5.448256492614746
2008-06-17,5.589669227600098
2008-06-18,5.5071024894714355
2008-06-19,5.573341369628906
2008-06-20,5.399886131286621
2008-06-23,5.334879398345947
2008-06-24,5.337653160095215
2008-06-25,5.465200424194336
2008-06-26,5.183916091918945
2008-06-27,5.240296363830566
2008-06-30,5.1586527824401855
2008-07-01,5.381708145141602
2008-07-02,5.181450366973877
2008-07-03,5.241220951080322
2008-07-07,5.39649772644043
2008-07-08,5.5317487716674805
2008-07-09,5.3684611320495605
2008-07-10,5.441786766052246
2008-07-11,5.317009925842285
2008-07-14,5.357061862945557
2008-07-15,5.226431846618652
2008-07-16,5.324098110198975
2008-07-17,5.293287754058838
2008-07-18,5.088099479675293
2008-07-21,5.123222351074219
2008-07-22,4.991668224334717
2008-07-23,5.122298240661621
2008-07-24,4.8995490074157715
2008-07-25,4.994747638702393
2008-07-28,4.75690221786499
2008-07-29,4.839471817016602
2008-07-30,4.925735950469971
2008-07-31,4.897084712982178
2008-08-01,4.826530933380127
2008-08-04,4.720856666564941
2008-08-05,4.949151039123535
2008-08-06,5.0585246086120605
2008-08-07,5.039421081542969
2008-08-08,5.223659992218018
2008-08-11,5.347203254699707
2008-08-12,5.444867134094238
2008-08-13,5.524047374725342
2008-08-14,5.524662494659424
2008-08-15,5.414367198944092
2008-08-18,5.403584003448486
2008-08-19,5.346279144287109
2008-08-20,5.417447566986084
2008-08-21,5.369694232940674
2008-08-22,5.446716785430908
2008-08-25,5.31608772277832
2008-08-26,5.349667549133301
2008-08-27,5.381401062011719
2008-08-28,5.352749824523926
2008-08-29,5.2230424880981445
2008-09-02,5.120141983032227
2008-09-03,5.143863677978516
2008-09-04,4.967019557952881
2008-09-05,4.934978485107422
2008-09-08,4.865350246429443
2008-09-09,4.673103332519531
2008-09-10,4.67094612121582
2008-09-11,4.702988147735596
2008-09-12,4.588685989379883
2008-09-15,4.324344158172607
2008-09-16,4.309558391571045
2008-09-17,3.938307762145996
2008-09-18,4.131173610687256
2008-09-19,4.341289043426514
2008-09-22,4.037513732910156
2008-09-23,3.9078094959259033
2008-09-24,3.965421438217163
2008-09-25,4.064626216888428
2008-09-26,3.9509401321411133
2008-09-29,3.2429511547088623
2008-09-30,3.501746416091919
2008-10-01,3.3618738651275635
2008-10-02,3.0839765071868896
2008-10-03,2.9906258583068848
2008-10-06,3.0235915184020996
2008-10-07,2.7469263076782227
2008-10-08,2.766336441040039
2008-10-09,2.733987331390381
2008-10-10,2.9823076725006104
2008-10-13,3.39699649810791
2008-10-14,3.206596851348877
2008-10-15,3.01773738861084
2008-10-16,3.139125347137451
2008-10-17,3.0007927417755127
2008-10-20,3.032834053039551
2008-10-21,2.8187122344970703
2008-10-22,2.984463930130005
2008-10-23,3.0263640880584717
2008-10-24,2.969367742538452
2008-10-27,2.8371973037719727
2008-10-28,3.078122854232788
2008-10-29,3.2210774421691895
2008-10-30,3.4210269451141357
2008-10-31,3.314736843109131
2008-11-03,3.2953262329101562
2008-11-04,3.4194865226745605
2008-11-05,3.182565927505493
2008-11-06,3.0531680583953857
2008-11-07,3.026672601699829
2008-11-10,2.953963041305542
2008-11-11,2.9197657108306885
2008-11-12,2.776503562927246
2008-11-13,2.9712166786193848
2008-11-14,2.780200958251953
2008-11-17,2.715501546859741
2008-11-18,2.770034074783325
2008-11-19,2.6585049629211426
2008-11-20,2.4798130989074707
2008-11-21,2.544203519821167
2008-11-24,2.8636929988861084
2008-11-25,2.7974536418914795
2008-11-26,2.9268510341644287
2008-11-28,2.8550667762756348
2008-12-01,2.7398409843444824
2008-12-02,2.848905086517334
2008-12-03,2.954580068588257
2008-12-04,2.8162474632263184
2008-12-05,2.8960423469543457
2008-12-08,3.072269916534424
2008-12-09,3.082744598388672
2008-12-10,3.0257482528686523
2008-12-11,2.9268510341644287
2008-12-12,3.0275962352752686
2008-12-15,2.9191486835479736
2008-12-16,2.940099000930786
2008-12-17,2.7469263076782227
2008-12-18,2.755246162414551
2008-12-19,2.772806167602539
2008-12-22,2.6415603160858154
2008-12-23,2.661278486251831
2008-12-24,2.6199936866760254
2008-12-26,2.6437175273895264
2008-12-29,2.6683642864227295
2008-12-30,2.6585049629211426
2008-12-31,2.629544496536255
2009-01-02,2.795912981033325
2009-01-05,2.913911819458008
2009-01-06,2.865849494934082
2009-01-07,2.8039233684539795
2009-01-08,2.8559911251068115
2009-01-09,2.7906761169433594
2009-01-12,2.73152232170105
2009-01-13,2.7022533416748047
2009-01-14,2.6289288997650146
2009-01-15,2.5688507556915283
2009-01-16,2.5365023612976074
2009-01-20,2.4092609882354736
2009-01-21,2.5519068241119385
2009-01-22,2.7222797870635986
2009-01-23,2.7222797870635986
2009-01-26,2.7617154121398926
2009-01-27,2.795297384262085
2009-01-28,2.9022045135498047
2009-01-29,2.8652336597442627
2009-01-30,2.776811122894287
2009-02-02,2.819328546524048
2009-02-03,2.864616870880127
2009-02-04,2.882178544998169
2009-02-05,2.971832275390625
2009-02-06,3.072269916534424
2009-02-09,3.1582272052764893
2009-02-10,3.014040946960449
2009-02-11,2.982923746109009
2009-02-12,3.0584053993225098
2009-02-13,3.055016279220581
2009-02-17,2.9123711585998535
2009-02-18,2.9074413776397705
2009-02-19,2.792524814605713
2009-02-20,2.8097774982452393
2009-02-23,2.6788389682769775
2009-02-24,2.780508518218994
2009-02-25,2.808544874191284
2009-02-26,2.7478511333465576
2009-02-27,2.7515485286712646
2009-03-02,2.7093393802642822
2009-03-03,2.722588539123535
2009-03-04,2.8088531494140625
2009-03-05,2.737067699432373
2009-03-06,2.628004550933838
2009-03-09,2.560532808303833
2009-03-10,2.730597734451294
2009-03-11,2.855374574661255
2009-03-12,2.9684433937072754
2009-03-13,2.955503225326538
2009-03-16,2.9397900104522705
2009-03-17,3.0704212188720703
2009-03-18,3.1277263164520264
2009-03-19,3.1308071613311768
2009-03-20,3.1298828125
2009-03-23,3.3168928623199463
2009-03-24,3.281154155731201
2009-03-25,3.280846118927002
2009-03-26,3.3849806785583496
2009-03-27,3.291937828063965
2009-03-30,3.2192282676696777
2009-03-31,3.238637685775757
2009-04-01,3.3486251831054688
2009-04-02,3.4724783897399902
2009-04-03,3.573531150817871
2009-04-06,3.649320602416992
2009-04-07,3.5430309772491455
2009-04-08,3.5836985111236572
2009-04-09,3.6838271617889404
2009-04-13,3.7038533687591553
2009-04-14,3.6450092792510986
2009-04-15,3.624366283416748
2009-04-16,3.741748094558716
2009-04-17,3.8024423122406006
2009-04-20,3.712479829788208
2009-04-21,3.75130033493042
2009-04-22,3.7435972690582275
2009-04-23,3.8634438514709473
2009-04-24,3.817229986190796
2009-04-27,3.842801809310913
2009-04-28,3.817229986190796
2009-04-29,3.8554327487945557
2009-04-30,3.8766915798187256
2009-05-01,3.9201323986053467
2009-05-04,4.068939208984375
2009-05-05,4.088657855987549
2009-05-06,4.082188129425049
2009-05-07,3.9762041568756104
2009-05-08,3.9802095890045166
2009-05-11,3.9919183254241943
2009-05-12,3.833250045776367
2009-05-13,3.681363821029663
2009-05-14,3.7879621982574463
2009-05-15,3.771632432937622
2009-05-18,3.9019546508789062
2009-05-19,3.926603078842163
2009-05-20,3.8779242038726807
2009-05-21,3.8258557319641113
2009-05-22,3.774097204208374
2009-05-26,4.0291948318481445
2009-05-27,4.0991315841674805
2009-05-28,4.161365985870361
2009-05-29,4.184164524078369
2009-06-01,4.293227672576904
2009-06-02,4.297542095184326
2009-06-03,4.342523097991943
2009-06-04,4.428480625152588
2009-06-05,4.457132339477539
2009-06-08,4.431869029998779
2009-06-09,4.397054195404053
2009-06-10,4.320957660675049
2009-06-11,4.311713218688965
2009-06-12,4.219902038574219
2009-06-15,4.192791938781738
2009-06-16,4.200801372528076
2009-06-17,4.177080154418945
2009-06-18,4.186322212219238
2009-06-19,4.2972331047058105
2009-06-22,4.23222541809082
2009-06-23,4.128708362579346
2009-06-24,4.1967973709106445
2009-06-25,4.308941841125488
2009-06-26,4.388428211212158
2009-06-29,4.373948097229004
2009-06-30,4.388120174407959
2009-07-01,4.400444984436035
2009-07-02,4.313868999481201
2009-07-06,4.270429611206055
2009-07-07,4.171534538269043
2009-07-08,4.227604389190674
2009-07-09,4.201110363006592
2009-07-10,4.26765775680542
2009-07-13,4.385347366333008
2009-07-14,4.383189678192139
2009-07-15,4.52522087097168
2009-07-16,4.544938564300537
2009-07-17,4.675261497497559
2009-07-20,4.710999011993408
2009-07-21,4.667866230010986
2009-07-22,4.828996658325195
2009-07-23,4.862270832061768
2009-07-24,4.929125785827637
2009-07-27,4.932514190673828
2009-07-28,4.929433822631836
2009-07-29,4.930358409881592
2009-07-30,5.015390872955322
2009-07-31,5.033875942230225
2009-08-03,5.127533435821533
2009-08-04,5.100423336029053
2009-08-05,5.086867332458496
2009-08-06,5.049896717071533
2009-08-07,5.099191188812256
2009-08-10,5.074852466583252
2009-08-11,5.016622066497803
2009-08-12,5.093029022216797
2009-08-13,5.188845157623291
2009-08-14,5.13831901550293
2009-08-17,4.916802406311035
2009-08-18,5.052669525146484
2009-08-19,5.071156024932861
2009-08-20,5.124454498291016
2009-08-21,5.213492393493652
2009-08-24,5.208562850952148
2009-08-25,5.219037055969238
2009-08-26,5.157728672027588
2009-08-27,5.220579147338867
2009-08-28,5.239063262939453
2009-08-31,5.182374954223633
2009-09-01,5.092721939086914
2009-09-02,5.089025497436523
2009-09-03,5.131233215332031
2009-09-04,5.247073650360107
2009-09-08,5.327794551849365
2009-09-09,5.272645950317383
2009-09-10,5.316394805908203
2009-09-11,5.304070472717285
2009-09-14,5.352132320404053
2009-09-15,5.39649772644043
2009-09-16,5.603226184844971
2009-09-17,5.685794353485107
2009-09-18,5.7002739906311035
2009-09-21,5.669465065002441
2009-09-22,5.683636665344238
2009-09-23,5.715061187744141
2009-09-24,5.663303375244141
2009-09-25,5.618629455566406
2009-09-28,5.73508882522583
2009-09-29,5.711365222930908
2009-09-30,5.710441589355469
2009-10-01,5.572108745574951
2009-10-02,5.696577072143555
2009-10-05,5.731081962585449
2009-10-06,5.854010105133057
2009-10-07,5.861404895782471
2009-10-08,5.831212997436523
2009-10-09,5.868182182312012
2009-10-12,5.878658771514893
2009-10-13,5.854318141937256
2009-10-14,5.893446445465088
2009-10-15,5.870955467224121
2009-10-16,5.793625831604004
2009-10-19,5.849390506744385
2009-10-20,6.123589038848877
2009-10-21,6.313372611999512
2009-10-22,6.32199764251709
2009-10-23,6.283178806304932
2009-10-26,6.238199234008789
2009-10-27,6.080763339996338
2009-10-28,5.927643299102783
2009-10-29,6.049339294433594
2009-10-30,5.80748987197876
2009-11-02,5.832443714141846
2009-11-03,5.81519079208374
2009-11-04,5.878658771514893
2009-11-05,5.9778618812561035
2009-11-06,5.9874138832092285
2009-11-09,6.20677375793457
2009-11-10,6.253602504730225
2009-11-11,6.261922836303711
2009-11-12,6.223101615905762
2009-11-13,6.298892498016357
2009-11-16,6.366055488586426
2009-11-17,6.3774542808532715
2009-11-18,6.345413684844971
2009-11-19,6.177505970001221
2009-11-20,6.159327030181885
2009-11-23,6.342947959899902
2009-11-24,6.298584461212158
2009-11-25,6.290882110595703
2009-11-27,6.179969787597656
2009-11-30,6.159018516540527
2009-12-01,6.068441390991211
2009-12-02,6.045642375946045
2009-12-03,6.053345203399658
2009-12-04,5.95598840713501
2009-12-07,5.821352481842041
2009-12-08,5.849697589874268
2009-12-09,6.094013214111328
2009-12-10,6.051803112030029
2009-12-11,5.997579574584961
2009-12-14,6.06874942779541
2009-12-15,5.982175827026367
2009-12-16,6.008671283721924
2009-12-17,5.911006450653076
2009-12-18,6.020995140075684
2009-12-21,6.1072611808776855
2009-12-22,6.172883033752441
2009-12-23,6.226490020751953
2009-12-24,6.440305233001709
2009-12-28,6.51948356628418
2009-12-29,6.442154884338379
2009-12-30,6.520407199859619
2009-12-31,6.492372035980225
2010-01-04,6.593425750732422
2010-01-05,6.604825019836426
2010-01-06,6.499767780303955
2010-01-07,6.487752437591553
2010-01-08,6.530883312225342
2010-01-11,6.473270893096924
2010-01-12,6.399638652801514
2010-01-13,6.4899067878723145
2010-01-14,6.452320098876953
2010-01-15,6.344489574432373
2010-01-19,6.62515926361084
2010-01-20,6.523180961608887
2010-01-21,6.410421371459961
2010-01-22,6.092471122741699
2010-01-25,6.25637674331665
2010-01-26,6.344798564910889
2010-01-27,6.404567241668701
2010-01-28,6.139917850494385
2010-01-29,5.917169570922852
2010-02-01,5.999429702758789
2010-02-02,6.034243106842041
2010-02-03,6.138070106506348
2010-02-04,5.916860580444336
2010-02-05,6.021920204162598
2010-02-08,5.9806365966796875
2010-02-09,6.044411659240723
2010-02-10,6.011444091796875
2010-02-11,6.120816230773926
2010-02-12,6.173499584197998
2010-02-16,6.266543865203857
2010-02-17,6.2403564453125
2010-02-18,6.25206184387207
2010-02-19,6.21324348449707
2010-02-22,6.174731731414795
2010-02-23,6.071214199066162
2010-02-24,6.182126998901367
2010-02-25,6.223410129547119
2010-02-26,6.304130554199219
2010-03-01,6.438766002655029
2010-03-02,6.434452533721924
2010-03-03,6.449239730834961
2010-03-04,6.491754531860352
2010-03-05,6.745622158050537
2010-03-08,6.7496256828308105
2010-03-09,6.871013641357422
2010-03-10,6.927087306976318
2010-03-11,6.947421550750732
2010-03-12,6.981310844421387
2010-03-15,6.896276473999023
2010-03-16,6.915071487426758
2010-03-17,6.904904365539551
2010-03-18,6.921233654022217
2010-03-19,6.847290515899658
2010-03-22,6.924314498901367
2010-03-23,7.035534381866455
2010-03-24,7.066651821136475
2010-03-25,6.982851505279541
2010-03-26,7.113790512084961
2010-03-29,7.159695148468018
2010-03-30,7.266295433044434
2010-03-31,7.240106105804443
2010-04-01,7.26999044418335
2010-04-05,7.347627639770508
2010-04-06,7.379978179931641
2010-04-07,7.412639141082764
2010-04-08,7.392611026763916
2010-04-09,7.449298858642578
2010-04-12,7.46470308303833
2010-04-13,7.4690165519714355
2010-04-14,7.56945276260376
2010-04-15,7.66896915435791
2010-04-16,7.622136116027832
2010-04-19,7.611969947814941
2010-04-20,7.535561561584473
2010-04-21,7.986295700073242
2010-04-22,8.209663391113281
2010-04-23,8.34399127960205
2010-04-26,8.303016662597656
2010-04-27,8.07318115234375
2010-04-28,8.05962085723877
2010-04-29,8.276516914367676
2010-04-30,8.043911933898926
2010-05-03,8.205967903137207
2010-05-04,7.969661235809326
2010-05-05,7.886785984039307
2010-05-06,7.586706638336182
2010-05-07,7.266602039337158
2010-05-10,7.825166702270508
2010-05-11,7.903114318847656
2010-05-12,8.074719429016113
2010-05-13,7.959802150726318
2010-05-14,7.819931983947754
2010-05-17,7.832254409790039
2010-05-18,7.77495002746582
2010-05-19,7.651098728179932
2010-05-20,7.325138092041016
2010-05-21,7.465626239776611
2010-05-24,7.6024169921875
2010-05-25,7.554972171783447
2010-05-26,7.520773410797119
2010-05-27,7.805451393127441
2010-05-28,7.914206504821777
2010-06-01,8.03590202331543
2010-06-02,8.1320219039917
2010-06-03,8.106456756591797
2010-06-04,7.885864734649658
2010-06-07,7.731203556060791
2010-06-08,7.681595325469971
2010-06-09,7.492739200592041
2010-06-10,7.717952251434326
2010-06-11,7.810380935668945
2010-06-14,7.834102630615234
2010-06-15,8.000781059265137
2010-06-16,8.233697891235352
2010-06-17,8.376029968261719
2010-06-18,8.443811416625977
2010-06-21,8.32365894317627
2010-06-22,8.437031745910645
2010-06-23,8.348304748535156
2010-06-24,8.287611961364746
2010-06-25,8.216747283935547
2010-06-28,8.266047477722168
2010-06-29,7.892331600189209
2010-06-30,7.7493767738342285
2010-07-01,7.6554107666015625
2010-07-02,7.60796594619751
2010-07-06,7.660031795501709
2010-07-07,7.969353199005127
2010-07-08,7.951481342315674
2010-07-09,7.998620510101318
2010-07-12,7.926835060119629
2010-07-13,7.757696628570557
2010-07-14,7.786348342895508
2010-07-15,7.746913433074951
2010-07-16,7.699158668518066
2010-07-19,7.566065311431885
2010-07-20,7.76046895980835
2010-07-21,7.83287239074707
2010-07-22,7.980138301849365
2010-07-23,8.00848388671875
2010-07-26,7.988145351409912
2010-07-27,8.136029243469238
2010-07-28,8.039904594421387
2010-07-29,7.952102184295654
2010-07-30,7.925605773925781
2010-08-02,8.067325592041016
2010-08-03,8.069788932800293
2010-08-04,8.102140426635742
2010-08-05,8.06270694732666
2010-08-06,8.013101577758789
2010-08-09,8.064244270324707
2010-08-10,7.992152214050293
2010-08-11,7.708093643188477
2010-08-12,7.757389545440674
2010-08-13,7.674511909484863
2010-08-16,7.629533767700195
2010-08-17,7.762935161590576
2010-08-18,7.7968220710754395
2010-08-19,7.698543548583984
2010-08-20,7.691150188446045
2010-08-23,7.572840690612793
2010-08-24,7.391994476318359
2010-08-25,7.483189105987549
2010-08-26,7.40277624130249
2010-08-27,7.444060325622559
2010-08-30,7.471172332763672
2010-08-31,7.489661693572998
2010-09-01,7.712407112121582
2010-09-02,7.769096374511719
2010-09-03,7.972433567047119
2010-09-07,7.9428606033325195
2010-09-08,8.10029125213623
2010-09-09,8.104912757873535
2010-09-10,8.115388870239258
2010-09-13,8.22722339630127
2010-09-14,8.258651733398438
2010-09-15,8.325194358825684
2010-09-16,8.520831108093262
2010-09-17,8.483863830566406
2010-09-20,8.726019859313965
2010-09-21,8.742657661437988
2010-09-22,8.865277290344238
2010-09-23,8.901325225830078
2010-09-24,9.006072998046875
2010-09-27,8.97033405303955
2010-09-28,8.837858200073242
2010-09-29,8.8535737991333
2010-09-30,8.742045402526855
2010-10-01,8.704145431518555
2010-10-04,8.584609031677246
2010-10-05,8.901942253112793
2010-10-06,8.909643173217773
2010-10-07,8.910567283630371
2010-10-08,9.059988021850586
2010-10-11,9.099733352661133
2010-10-12,9.19770622253418
2010-10-13,9.247000694274902
2010-10-14,9.313858032226562
2010-10-15,9.69681453704834
2010-10-18,9.797249794006348
2010-10-19,9.53506851196289
2010-10-20,9.567108154296875
2010-10-21,9.535989761352539
2010-10-22,9.472831726074219
2010-10-25,9.515040397644043
2010-10-26,9.490699768066406
2010-10-27,9.483922958374023
2010-10-28,9.404126167297363
2010-10-29,9.272884368896484
2010-11-01,9.371467590332031
2010-11-02,9.531059265136719
2010-11-03,9.637043952941895
2010-11-04,9.805566787719727
2010-11-05,9.770447731018066
2010-11-08,9.816350936889648
2010-11-09,9.7380952835083
2010-11-10,9.798176765441895
2010-11-11,9.755658149719238
2010-11-12,9.490086555480957
2010-11-15,9.459582328796387
2010-11-16,9.291675567626953
2010-11-17,9.258092880249023
2010-11-18,9.50240707397461
2010-11-19,9.450032234191895
2010-11-22,9.654295921325684
2010-11-23,9.511648178100586
2010-11-24,9.698662757873535
2010-11-26,9.704821586608887
2010-11-29,9.762435913085938
2010-11-30,9.586211204528809
2010-12-01,9.747958183288574
2010-12-02,9.801870346069336
2010-12-03,9.779996871948242
2010-12-06,9.863489151000977
2010-12-07,9.803718566894531
2010-12-08,9.889985084533691
2010-12-09,9.851471900939941
2010-12-10,9.876120567321777
2010-12-13,9.910318374633789
2010-12-14,9.867801666259766
2010-12-15,9.869956970214844
2010-12-16,9.897377967834473
2010-12-17,9.877660751342773
2010-12-20,9.926958084106445
2010-12-21,9.988261222839355
2010-12-22,10.017841339111328
2010-12-23,9.969780921936035
2010-12-27,10.003055572509766
2010-12-28,10.027392387390137
2010-12-29,10.021845817565918
2010-12-30,9.971630096435547
2010-12-31,9.937735557556152
2011-01-03,10.153708457946777
2011-01-04,10.20670223236084
2011-01-05,10.290194511413574
2011-01-06,10.28187370300293
2011-01-07,10.35550594329834
2011-01-10,10.550530433654785
2011-01-11,10.525572776794434
2011-01-12,10.611223220825195
2011-01-13,10.650038719177246
2011-01-14,10.736307144165039
2011-01-18,10.495072364807129
2011-01-19,10.43930721282959
2011-01-20,10.24952507019043
2011-01-21,10.065903663635254
2011-01-24,10.396483421325684
2011-01-25,10.51817798614502
2011-01-26,10.593659400939941
2011-01-27,10.573944091796875
2011-01-28,10.354891777038574
2011-01-31,10.454095840454102
2011-02-01,10.630016326904297
2011-02-02,10.60814094543457
2011-02-03,10.581031799316406
2011-02-04,10.67530632019043
2011-02-07,10.841054916381836
2011-02-08,10.943342208862305
2011-02-09,11.03453540802002
2011-02-10,10.923008918762207
2011-02-11,10.994176864624023
2011-02-14,11.065961837768555
2011-02-15,11.088144302368164
2011-02-16,11.187657356262207
2011-02-17,11.038850784301758
2011-02-18,10.80039119720459
2011-02-22,10.432225227355957
2011-02-23,10.555768013000488
2011-02-24,10.563776969909668
2011-02-25,10.726447105407715
2011-02-28,10.882033348083496
2011-03-01,10.761878967285156
2011-03-02,10.848450660705566
2011-03-03,11.07767105102539
2011-03-04,11.091224670410156
2011-03-07,10.948270797729492
2011-03-08,10.960596084594727
2011-03-09,10.859232902526855
2011-03-10,10.680540084838867
2011-03-11,10.84444522857666
2011-03-14,10.892816543579102
2011-03-15,10.642337799072266
2011-03-16,10.167265892028809
2011-03-17,10.309906959533691
2011-03-18,10.187600135803223
2011-03-21,10.453479766845703
2011-03-22,10.512018203735352
2011-03-23,10.450090408325195
2011-03-24,10.628169059753418
2011-03-25,10.830582618713379
2011-03-28,10.796690940856934
2011-03-29,10.812713623046875
2011-03-30,10.740928649902344
2011-03-31,10.737231254577637
2011-04-01,10.615537643432617
2011-04-04,10.511710166931152
2011-04-05,10.440847396850586
2011-04-06,10.414660453796387
2011-04-07,10.415892601013184
2011-04-08,10.32284927368164
2011-04-11,10.191605567932129
2011-04-12,10.240898132324219
2011-04-13,10.355816841125488
2011-04-14,10.24151611328125
2011-04-15,10.088702201843262
2011-04-18,10.223954200744629
2011-04-19,10.409116744995117
2011-04-20,10.549297332763672
2011-04-21,10.804701805114746
2011-04-25,10.875869750976562
2011-04-26,10.796073913574219
2011-04-27,10.78775691986084
2011-04-28,10.683004379272461
2011-04-29,10.78714370727539
2011-05-02,10.668526649475098
2011-05-03,10.727681159973145
2011-05-04,10.769887924194336
2011-05-05,10.683004379272461
2011-05-06,10.680232048034668
2011-05-09,10.709197044372559
2011-05-10,10.766192436218262
2011-05-11,10.697795867919922
2011-05-12,10.677462577819824
2011-05-13,10.49045181274414
2011-05-16,10.26862621307373
2011-05-17,10.356124877929688
2011-05-18,10.471043586730957
2011-05-19,10.491377830505371
2011-05-20,10.32778263092041
2011-05-23,10.302515029907227
2011-05-24,10.234431266784668
2011-05-25,10.375840187072754
2011-05-26,10.321002006530762
2011-05-27,10.395251274108887
2011-05-31,10.716279983520508
2011-06-01,10.644803047180176
2011-06-02,10.662981986999512
2011-06-03,10.581031799316406
2011-06-06,10.414660453796387
2011-06-07,10.22981071472168
2011-06-08,10.235968589782715
2011-06-09,10.212864875793457
2011-06-10,10.040639877319336
2011-06-13,10.062206268310547
2011-06-14,10.242131233215332
2011-06-15,10.066826820373535
2011-06-16,10.017841339111328
2011-06-17,9.866876602172852
2011-06-20,9.714679718017578
2011-06-21,10.022154808044434
2011-06-22,9.939277648925781
2011-06-23,10.204852104187012
2011-06-24,10.054502487182617
2011-06-27,10.22981071472168
2011-06-28,10.329011917114258
2011-06-29,10.291424751281738
2011-06-30,10.341642379760742
2011-07-01,10.575484275817871
2011-07-05,10.76557445526123
2011-07-06,10.837357521057129
2011-07-07,11.004961013793945
2011-07-08,11.08228874206543
2011-07-11,10.906371116638184
2011-07-12,10.898670196533203
2011-07-13,11.03022289276123
2011-07-14,11.022522926330566
2011-07-15,11.242806434631348
2011-07-18,11.516387939453125
2011-07-19,11.610356330871582
2011-07-20,11.919984817504883
2011-07-21,11.932005882263184
2011-07-22,12.117166519165039
2011-07-25,12.277368545532227
2011-07-26,12.428640365600586
2011-07-27,12.095290184020996
2011-07-28,12.071566581726074
2011-07-29,12.03028392791748
2011-08-01,12.223454475402832
2011-08-02,11.981910705566406
2011-08-03,12.094673156738281
2011-08-04,11.626378059387207
2011-08-05,11.510842323303223
2011-08-08,10.882033348083496
2011-08-09,11.522860527038574
2011-08-10,11.204911231994629
2011-08-11,11.51330852508545
2011-08-12,11.614668846130371
2011-08-15,11.812464714050293
2011-08-16,11.722193717956543
2011-08-17,11.720959663391113
2011-08-18,11.277620315551758
2011-08-19,10.968914985656738
2011-08-22,10.981544494628906
2011-08-23,11.510228157043457
2011-08-24,11.589716911315918
2011-08-25,11.513921737670898
2011-08-26,11.81770133972168
2011-08-29,12.014572143554688
2011-08-30,12.015186309814453
2011-08-31,11.856213569641113
2011-09-01,11.739136695861816
2011-09-02,11.524092674255371
2011-09-06,11.699395179748535
2011-09-07,11.828484535217285
2011-09-08,11.834956169128418
2011-09-09,11.629765510559082
2011-09-12,11.705556869506836
2011-09-13,11.849740982055664
2011-09-14,11.993928909301758
2011-09-15,12.106690406799316
2011-09-16,12.338990211486816
2011-09-19,12.681893348693848
2011-09-20,12.737963676452637
2011-09-21,12.697606086730957
2011-09-22,12.379658699035645
2011-09-23,12.456064224243164
2011-09-26,12.421252250671387
2011-09-27,12.300785064697266
2011-09-28,12.231465339660645
2011-09-29,12.03305721282959
2011-09-30,11.748071670532227
2011-10-03,11.541035652160645
2011-10-04,11.476339340209961
2011-10-05,11.65349006652832
2011-10-06,11.626378059387207
2011-10-07,11.39315414428711
2011-10-10,11.978829383850098
2011-10-11,12.332518577575684
2011-10-12,12.391056060791016
2011-10-13,12.583301544189453
2011-10-14,13.00137996673584
2011-10-17,12.93945598602295
2011-10-18,13.008773803710938
2011-10-19,12.281064987182617
2011-10-20,12.179091453552246
2011-10-21,12.10391902923584
2011-10-24,12.50135326385498
2011-10-25,12.25487995147705
2011-10-26,12.342070579528809
2011-10-27,12.468076705932617
2011-10-28,12.47608757019043
2011-10-31,12.47084903717041
2011-11-01,12.216058731079102
2011-11-02,12.243788719177246
2011-11-03,12.418167114257812
2011-11-04,12.330978393554688
2011-11-07,12.315266609191895
2011-11-08,12.515525817871094
2011-11-09,12.178165435791016
2011-11-10,11.86822509765625
2011-11-11,11.849740982055664
2011-11-14,11.684606552124023
2011-11-15,11.979448318481445
2011-11-16,11.85436725616455
2011-11-17,11.627609252929688
2011-11-18,11.55151081085205
2011-11-21,11.368813514709473
2011-11-22,11.599884033203125
2011-11-23,11.3065824508667
2011-11-25,11.201214790344238
2011-11-28,11.58786678314209
2011-11-29,11.49790096282959
2011-11-30,11.775182723999023
2011-12-01,11.951722145080566
2011-12-02,12.006251335144043
2011-12-05,12.108230590820312
2011-12-06,12.044763565063477
2011-12-07,11.987458229064941
2011-12-08,12.035829544067383
2011-12-09,12.127025604248047
2011-12-12,12.072181701660156
2011-12-13,11.978829383850098
2011-12-14,11.713258743286133
2011-12-15,11.6747465133667
2011-12-16,11.73883056640625
2011-12-19,11.775492668151855
2011-12-20,12.198808670043945
2011-12-21,12.214212417602539
2011-12-22,12.278913497924805
2011-12-23,12.42618179321289
2011-12-27,12.524765014648438
2011-12-28,12.404921531677246
2011-12-29,12.48132610321045
2011-12-30,12.477630615234375
2012-01-03,12.669562339782715
2012-01-04,12.737654685974121
2012-01-05,12.879071235656738
2012-01-06,13.013705253601074
2012-01-09,12.993063926696777
2012-01-10,13.039587020874023
2012-01-11,13.018322944641113
2012-01-12,12.982589721679688
2012-01-13,12.93390941619873
2012-01-17,13.08456802368164
2012-01-18,13.220433235168457
2012-01-19,13.178533554077148
2012-01-20,12.949004173278809
2012-01-23,13.168057441711426
2012-01-24,12.952394485473633
2012-01-25,13.761131286621094
2012-01-26,13.698587417602539
2012-01-27,13.780232429504395
2012-01-30,13.956766128540039
2012-01-31,14.06367301940918
2012-02-01,14.054737091064453
2012-02-02,14.02177619934082
2012-02-03,14.162263870239258
2012-02-06,14.294431686401367
2012-02-07,14.44416618347168
2012-02-08,14.686013221740723
2012-02-09,15.19405460357666
2012-02-10,15.20175838470459
2012-02-13,15.484585762023926
2012-02-14,15.695935249328613
2012-02-15,15.332695960998535
2012-02-16,15.472569465637207
2012-02-17,15.469793319702148
2012-02-21,15.861989974975586
2012-02-22,15.806228637695312
2012-02-23,15.909440994262695
2012-02-24,16.094911575317383
2012-02-27,16.1981201171875
2012-02-28,16.495426177978516
2012-02-29,16.712011337280273
2012-03-01,16.774553298950195
2012-03-02,16.796428680419922
2012-03-05,16.426109313964844
2012-03-06,16.336759567260742
2012-03-07,16.350006103515625
2012-03-08,16.698152542114258
2012-03-09,16.796117782592773
2012-03-12,17.006546020507812
2012-03-13,17.5025691986084
2012-03-14,18.164344787597656
2012-03-15,18.040498733520508
2012-03-16,18.04080581665039
2012-03-19,18.519268035888672
2012-03-20,18.668994903564453
2012-03-21,18.562400817871094
2012-03-22,18.465038299560547
2012-03-23,18.36367416381836
2012-03-26,18.700420379638672
2012-03-27,18.931489944458008
2012-03-28,19.02823257446289
2012-03-29,18.789159774780273
2012-03-30,18.471511840820312
2012-04-02,19.059349060058594
2012-04-03,19.38869285583496
2012-04-04,19.23434066772461
2012-04-05,19.523025512695312
2012-04-09,19.60158348083496
2012-04-10,19.36158561706543
2012-04-11,19.292572021484375
2012-04-12,19.186899185180664
2012-04-13,18.64650535583496
2012-04-16,17.873197555541992
2012-04-17,18.784223556518555
2012-04-18,18.742319107055664
2012-04-19,18.098419189453125
2012-04-20,17.65291976928711
2012-04-23,17.613483428955078
2012-04-24,17.261648178100586
2012-04-25,18.79346466064453
2012-04-26,18.722604751586914
2012-04-27,18.577802658081055
2012-04-30,17.99181365966797
2012-05-01,17.93482208251953
2012-05-02,18.05343246459961
2012-05-03,17.925268173217773
2012-05-04,17.41476058959961
2012-05-07,17.545087814331055
2012-05-08,17.505037307739258
2012-05-09,17.535842895507812
2012-05-10,17.577129364013672
2012-05-11,17.459745407104492
2012-05-14,17.198177337646484
2012-05-15,17.042591094970703
2012-05-16,16.824159622192383
2012-05-17,16.33245086669922
2012-05-18,16.3404598236084
2012-05-21,17.292451858520508
2012-05-22,17.15966796875
2012-05-23,17.578359603881836
2012-05-24,17.41692352294922
2012-05-25,17.323570251464844
2012-05-29,17.631040573120117
2012-05-30,17.843626022338867
2012-05-31,17.799264907836914
2012-06-01,17.28352165222168
2012-06-04,17.385189056396484
2012-06-05,17.340208053588867
2012-06-06,17.606088638305664
2012-06-07,17.614097595214844
2012-06-08,17.879053115844727
2012-06-11,17.59715461730957
2012-06-12,17.750890731811523
2012-06-13,17.627656936645508
2012-06-14,17.608243942260742
2012-06-15,17.68834686279297
2012-06-18,18.047277450561523
2012-06-19,18.097492218017578
2012-06-20,18.046043395996094
2012-06-21,17.797412872314453
2012-06-22,17.933897018432617
2012-06-25,17.584835052490234
2012-06-26,17.623647689819336
2012-06-27,17.699748992919922
2012-06-28,17.531841278076172
2012-06-29,17.992433547973633
2012-07-02,18.254924774169922
2012-07-03,18.46719741821289
2012-07-05,18.79161262512207
2012-07-06,18.66653060913086
2012-07-09,18.913307189941406
2012-07-10,18.738319396972656
2012-07-11,18.62186050415039
2012-07-12,18.451488494873047
2012-07-13,18.63849639892578
2012-07-16,18.698274612426758
2012-07-17,18.699190139770508
2012-07-18,18.678241729736328
2012-07-19,18.926563262939453
2012-07-20,18.61785316467285
2012-07-23,18.603376388549805
2012-07-24,18.513717651367188
2012-07-25,17.7142333984375
2012-07-26,17.711454391479492
2012-07-27,18.028173446655273
2012-07-30,18.332258224487305
2012-07-31,18.816883087158203
2012-08-01,18.695188522338867
2012-08-02,18.725378036499023
2012-08-03,18.96908187866211
2012-08-06,19.18012046813965
2012-08-07,19.129592895507812
2012-08-08,19.097238540649414
2012-08-09,19.206148147583008
2012-08-10,19.236169815063477
2012-08-13,19.492977142333984
2012-08-14,19.54527473449707
2012-08-15,19.51865577697754
2012-08-16,19.68914794921875
2012-08-17,20.05331802368164
2012-08-20,20.580564498901367
2012-08-21,20.29930305480957
2012-08-22,20.695669174194336
2012-08-23,20.502593994140625
2012-08-24,20.52084732055664
2012-08-27,20.906375885009766
2012-08-28,20.8791446685791
2012-08-29,20.837995529174805
2012-08-30,20.540956497192383
2012-08-31,20.583343505859375
2012-09-04,20.884403228759766
2012-09-05,20.73774528503418
2012-09-06,20.924625396728516
2012-09-07,21.053653717041016
2012-09-10,20.505990982055664
2012-09-11,20.439472198486328
2012-09-12,20.72412872314453
2012-09-13,21.13224220275879
2012-09-14,21.38905906677246
2012-09-17,21.652061462402344
2012-09-18,21.71796417236328
2012-09-19,21.723840713500977
2012-09-20,21.618642807006836
2012-09-21,21.661649703979492
2012-09-24,21.37389373779297
2012-09-25,20.84015464782715
2012-09-26,20.58148956298828
2012-09-27,21.080883026123047
2012-09-28,20.640901565551758
2012-10-01,20.4023380279541
2012-10-02,20.461748123168945
2012-10-03,20.775489807128906
2012-10-04,20.631614685058594
2012-10-05,20.191938400268555
2012-10-08,19.74576759338379
2012-10-09,19.673986434936523
2012-10-10,19.83054542541504
2012-10-11,19.434186935424805
2012-10-12,19.484004974365234
2012-10-15,19.6402530670166
2012-10-16,20.105304718017578
2012-10-17,19.945026397705078
2012-10-18,19.574661254882812
2012-10-19,18.869203567504883
2012-10-22,19.617673873901367
2012-10-23,18.978111267089844
2012-10-24,19.085479736328125
2012-10-25,18.85991668701172
2012-10-26,18.68850326538086
2012-10-31,18.41992950439453
2012-11-01,18.457687377929688
2012-11-02,17.846906661987305
2012-11-05,18.0888671875
2012-11-06,18.03409767150879
2012-11-07,17.344066619873047
2012-11-08,16.714641571044922
2012-11-09,17.0040225982666
2012-11-12,16.872543334960938
2012-11-13,16.87472152709961
2012-11-14,16.68760108947754
2012-11-15,16.337610244750977
2012-11-16,16.40163803100586
2012-11-19,17.584331512451172
2012-11-20,17.434511184692383
2012-11-21,17.459074020385742
2012-11-23,17.76367950439453
2012-11-26,18.324094772338867
2012-11-27,18.17645263671875
2012-11-28,18.1192626953125
2012-11-29,18.318811416625977
2012-11-30,18.191991806030273
2012-12-03,18.22028160095215
2012-12-04,17.89888572692871
2012-12-05,16.746973037719727
2012-12-06,17.009614944458008
2012-12-07,16.574769973754883
2012-12-10,16.468154907226562
2012-12-11,16.827777862548828
2012-12-12,16.753496170043945
2012-12-13,16.464113235473633
2012-12-14,15.845569610595703
2012-12-17,16.126562118530273
2012-12-18,16.59497833251953
2012-12-19,16.35905647277832
2012-12-20,16.216697692871094
2012-12-21,16.142099380493164
2012-12-24,16.1682071685791
2012-12-26,15.945353507995605
2012-12-27,16.009374618530273
2012-12-28,15.839356422424316
2012-12-31,16.54120445251465
2013-01-02,17.06525230407715
2013-01-03,16.849853515625
2013-01-04,16.380502700805664
2013-01-07,16.28414535522461
2013-01-08,16.327978134155273
2013-01-09,16.072786331176758
2013-01-10,16.272029876708984
2013-01-11,16.172252655029297
2013-01-14,15.595674514770508
2013-01-15,15.103631973266602
2013-01-16,15.73056697845459
2013-01-17,15.624578475952148
2013-01-18,15.541274070739746
2013-01-22,15.689539909362793
2013-01-23,15.9767427444458
2013-01-24,14.002690315246582
2013-01-25,13.672592163085938
2013-01-28,13.981864929199219
2013-01-29,14.2441987991333
2013-01-30,14.199442863464355
2013-01-31,14.15778923034668
2013-02-01,14.099666595458984
2013-02-04,13.748432159423828
2013-02-05,14.230834007263184
2013-02-06,14.215604782104492
2013-02-07,14.638289451599121
2013-02-08,14.849627494812012
2013-02-11,15.004384994506836
2013-02-12,14.628279685974121
2013-02-13,14.600456237792969
2013-02-14,14.587326049804688
2013-02-15,14.386302947998047
2013-02-19,14.380988121032715
2013-02-20,14.032709121704102
2013-02-21,13.945484161376953
2013-02-22,14.093985557556152
2013-02-25,13.843562126159668
2013-02-26,14.036462783813477
2013-02-27,13.89890193939209
2013-02-28,13.799795150756836
2013-03-01,13.458081245422363
2013-03-04,13.13231372833252
2013-03-05,13.479028701782227
2013-03-06,13.307701110839844
2013-03-07,13.461522102355957
2013-03-08,13.497162818908691
2013-03-11,13.689431190490723
2013-03-12,13.394305229187012
2013-03-13,13.391803741455078
2013-03-14,13.521547317504883
2013-03-15,13.870450019836426
2013-03-18,14.247493743896484
2013-03-19,14.209033966064453
2013-03-20,14.13369083404541
2013-03-21,14.154010772705078
2013-03-22,14.441015243530273
2013-03-25,14.493219375610352
2013-03-26,14.416938781738281
2013-03-27,14.13369083404541
2013-03-28,13.83918571472168
2013-04-01,13.409314155578613
2013-04-02,13.436821937561035
2013-04-03,13.505603790283203
2013-04-04,13.37210750579834
2013-04-05,13.23079776763916
2013-04-08,13.324901580810547
2013-04-09,13.348971366882324
2013-04-10,13.6212797164917
2013-04-11,13.578758239746094
2013-04-12,13.43713665008545
2013-04-15,13.126063346862793
2013-04-16,13.325838088989258
2013-04-17,12.593016624450684
2013-04-18,12.25693130493164
2013-04-19,12.209412574768066
2013-04-22,12.463897705078125
2013-04-23,12.697123527526855
2013-04-24,12.676178932189941
2013-04-25,12.76746940612793
2013-04-26,13.043214797973633
2013-04-29,13.44714069366455
2013-04-30,13.842937469482422
2013-05-01,13.733827590942383
2013-05-02,13.928600311279297
2013-05-03,14.068039894104004
2013-05-06,14.403498649597168
2013-05-07,14.339406967163086
2013-05-08,14.501352310180664
2013-05-09,14.37484073638916
2013-05-10,14.255253791809082
2013-05-13,14.310957908630371
2013-05-14,13.96855640411377
2013-05-15,13.49618148803711
2013-05-16,13.676508903503418
2013-05-17,13.634968757629395
2013-05-20,13.939287185668945
2013-05-21,13.83637809753418
2013-05-22,13.889566421508789
2013-05-23,13.914426803588867
2013-05-24,14.00915241241455
2013-05-28,13.892398834228516
2013-05-29,14.00285816192627
2013-05-30,14.211509704589844
2013-05-31,14.153287887573242
2013-06-03,14.184441566467285
2013-06-04,14.140069007873535
2013-06-05,14.007893562316895
2013-06-06,13.798614501953125
2013-06-07,13.904036521911621
2013-06-10,13.812149047851562
2013-06-11,13.771547317504883
2013-06-12,13.601295471191406
2013-06-13,13.719938278198242
2013-06-14,13.533946990966797
2013-06-17,13.595314025878906
2013-06-18,13.588074684143066
2013-06-19,13.312078475952148
2013-06-20,13.118215560913086
2013-06-21,13.013108253479004
2013-06-24,12.668187141418457
2013-06-25,12.6710205078125
2013-06-26,12.52751636505127
2013-06-27,12.39250373840332
2013-06-28,12.479048728942871
2013-07-01,12.878412246704102
2013-07-02,13.170145034790039
2013-07-03,13.242841720581055
2013-07-05,13.13647174835205
2013-07-08,13.061885833740234
2013-07-09,13.291619300842285
2013-07-10,13.240639686584473
2013-07-11,13.447086334228516
2013-07-12,13.422538757324219
2013-07-15,13.451805114746094
2013-07-16,13.538664817810059
2013-07-17,13.542130470275879
2013-07-18,13.587760925292969
2013-07-19,13.373444557189941
2013-07-22,13.416244506835938
2013-07-23,13.185880661010742
2013-07-24,13.863130569458008
2013-07-25,13.799871444702148
2013-07-26,13.878236770629883
2013-07-29,14.09223461151123
2013-07-30,14.266270637512207
2013-07-31,14.24140739440918
2013-08-01,14.372010231018066
2013-08-02,14.556425094604492
2013-08-05,14.773886680603027
2013-08-06,14.641714096069336
2013-08-07,14.633216857910156
2013-08-08,14.604072570800781
2013-08-09,14.396261215209961
2013-08-12,14.805227279663086
2013-08-13,15.508808135986328
2013-08-14,15.791695594787598
2013-08-15,15.7730073928833
2013-08-16,15.913021087646484
2013-08-19,16.08440589904785
2013-08-20,15.873115539550781
2013-08-21,15.913972854614258
2013-08-22,15.93298625946045
2013-08-23,15.871527671813965
2013-08-26,15.933300971984863
2013-08-27,15.477764129638672
2013-08-28,15.550943374633789
2013-08-29,15.576286315917969
2013-08-30,15.434368133544922
2013-09-03,15.477445602416992
2013-09-04,15.797715187072754
2013-09-05,15.689373970031738
2013-09-06,15.782825469970703
2013-09-09,16.034666061401367
2013-09-10,15.669411659240723
2013-09-11,14.81631851196289
2013-09-12,14.974075317382812
2013-09-13,14.727300643920898
2013-09-16,14.25909423828125
2013-09-17,14.423824310302734
2013-09-18,14.720335006713867
2013-09-19,14.961723327636719
2013-09-20,14.806816101074219
2013-09-23,15.542710304260254
2013-09-24,15.49392032623291
2013-09-25,15.25411319732666
2013-09-26,15.402684211730957
2013-09-27,15.29276180267334
2013-09-30,15.102691650390625
2013-10-01,15.457806587219238
2013-10-02,15.508489608764648
2013-10-03,15.31367015838623
2013-10-04,15.301633834838867
2013-10-07,15.451156616210938
2013-10-08,15.235424995422363
2013-10-09,15.414407730102539
2013-10-10,15.511025428771973
2013-10-11,15.611442565917969
2013-10-14,15.713767051696777
2013-10-15,15.797394752502441
2013-10-16,15.874377250671387
2013-10-17,15.981768608093262
2013-10-18,16.12083625793457
2013-10-21,16.515867233276367
2013-10-22,16.468666076660156
2013-10-23,16.62990379333496
2013-10-24,16.850072860717773
2013-10-25,16.661582946777344
2013-10-28,16.78575897216797
2013-10-29,16.36760902404785
2013-10-30,16.628007888793945
2013-10-31,16.558319091796875
2013-11-01,16.47372817993164
2013-11-04,16.686614990234375
2013-11-05,16.645431518554688
2013-11-06,16.59827423095703
2013-11-07,16.329662322998047
2013-11-08,16.58679962158203
2013-11-11,16.53868865966797
2013-11-12,16.569276809692383
2013-11-13,16.58902931213379
2013-11-14,16.828964233398438
2013-11-15,16.727956771850586
2013-11-18,16.525304794311523
2013-11-19,16.554622650146484
2013-11-20,16.40964126586914
2013-11-21,16.605281829833984
2013-11-22,16.562585830688477
2013-11-25,16.688127517700195
2013-11-26,16.995927810668945
2013-11-27,17.396135330200195
2013-11-29,17.718271255493164
2013-12-02,17.56405258178711
2013-12-03,18.044872283935547
2013-12-04,18.0028076171875
2013-12-05,18.09521484375
2013-12-06,17.844131469726562
2013-12-09,18.048368453979492
2013-12-10,18.020336151123047
2013-12-11,17.886825561523438
2013-12-12,17.86069679260254
2013-12-13,17.666011810302734
2013-12-16,17.763839721679688
2013-12-17,17.683860778808594
2013-12-18,17.549394607543945
2013-12-19,17.34833526611328
2013-12-20,17.493637084960938
2013-12-23,18.16499900817871
2013-12-24,18.087886810302734
2013-12-26,17.96776008605957
2013-12-27,17.846359252929688
2013-12-30,17.668874740600586
2013-12-31,17.875999450683594
2014-01-02,17.624588012695312
2014-01-03,17.23745346069336
2014-01-06,17.331453323364258
2014-01-07,17.20749855041504
2014-01-08,17.316478729248047
2014-01-09,17.0953426361084
2014-01-10,16.981271743774414
2014-01-13,17.070167541503906
2014-01-14,17.409841537475586
2014-01-15,17.759374618530273
2014-01-16,17.66028594970703
2014-01-17,17.227575302124023
2014-01-21,17.495229721069336
2014-01-22,17.57297134399414
2014-01-23,17.721776962280273
2014-01-24,17.399641036987305
2014-01-27,17.540794372558594
2014-01-28,16.138803482055664
2014-01-29,15.95559024810791
2014-01-30,15.924678802490234
2014-01-31,15.950813293457031
2014-02-03,15.980441093444824
2014-02-04,16.21177101135254
2014-02-05,16.33285140991211
2014-02-06,16.42805290222168
2014-02-07,16.657882690429688
2014-02-10,16.956302642822266
2014-02-11,17.17972183227539
2014-02-12,17.178442001342773
2014-02-13,17.451223373413086
2014-02-14,17.437118530273438
2014-02-18,17.50122833251953
2014-02-19,17.22491455078125
2014-02-20,17.025541305541992
2014-02-21,16.836421966552734
2014-02-24,16.91014289855957
2014-02-25,16.734167098999023
2014-02-26,16.58319091796875
2014-02-27,16.913997650146484
2014-02-28,16.868154525756836
2014-03-03,16.916879653930664
2014-03-04,17.028427124023438
2014-03-05,17.064329147338867
2014-03-06,17.01272201538086
2014-03-07,17.002784729003906
2014-03-10,17.018169403076172
2014-03-11,17.18388557434082
2014-03-12,17.20054817199707
2014-03-13,17.0095157623291
2014-03-14,16.818470001220703
2014-03-17,16.884180068969727
2014-03-18,17.033557891845703
2014-03-19,17.029067993164062
2014-03-20,16.947011947631836
2014-03-21,17.080673217773438
2014-03-24,17.283254623413086
2014-03-25,17.46916961669922
2014-03-26,17.302169799804688
2014-03-27,17.227802276611328
2014-03-28,17.208568572998047
2014-03-31,17.204723358154297
2014-04-01,17.362110137939453
2014-04-02,17.390960693359375
2014-04-03,17.27043342590332
2014-04-04,17.047021865844727
2014-04-07,16.779369354248047
2014-04-08,16.778409957885742
2014-04-09,16.998939514160156
2014-04-10,16.779687881469727
2014-04-11,16.655637741088867
2014-04-14,16.721982955932617
2014-04-15,16.602746963500977
2014-04-16,16.636402130126953
2014-04-17,16.826488494873047
2014-04-21,17.026185989379883
2014-04-22,17.043169021606445
2014-04-23,16.82039451599121
2014-04-24,18.19936180114746
2014-04-25,18.333032608032227
2014-04-28,19.043031692504883
2014-04-29,18.98661231994629
2014-04-30,18.914810180664062
2014-05-01,18.959367752075195
2014-05-02,18.994625091552734
2014-05-05,19.26323699951172
2014-05-06,19.053285598754883
2014-05-07,18.98661231994629
2014-05-08,18.95276641845703
2014-05-09,18.873798370361328
2014-05-12,19.10877799987793
2014-05-13,19.138748168945312
2014-05-14,19.142301559448242
2014-05-15,18.97951889038086
2014-05-16,19.25963020324707
2014-05-19,19.487842559814453
2014-05-20,19.4917049407959
2014-05-21,19.543283462524414
2014-05-22,19.574220657348633
2014-05-23,19.795345306396484
2014-05-27,20.166027069091797
2014-05-28,20.113807678222656
2014-05-29,20.480295181274414
2014-05-30,20.403581619262695
2014-06-02,20.26336097717285
2014-06-03,20.54991912841797
2014-06-04,20.784578323364258
2014-06-05,20.86612892150879
2014-06-06,20.80875015258789
2014-06-09,21.141719818115234
2014-06-10,21.265819549560547
2014-06-11,21.17782211303711
2014-06-12,20.823575973510742
2014-06-13,20.595691680908203
2014-06-16,20.803268432617188
2014-06-17,20.776199340820312
2014-06-18,20.79875946044922
2014-06-19,20.7265567779541
2014-06-20,20.512208938598633
2014-06-23,20.494152069091797
2014-06-24,20.37006187438965
2014-06-25,20.38810920715332
2014-06-26,20.509952545166016
2014-06-27,20.753633499145508
2014-06-30,20.967988967895508
2014-07-01,21.101110458374023
2014-07-02,21.09208106994629
2014-07-03,21.21617889404297
2014-07-07,21.653907775878906
2014-07-08,21.514007568359375
2014-07-09,21.523038864135742
2014-07-10,21.444067001342773
2014-07-11,21.484682083129883
2014-07-14,21.7622127532959
2014-07-15,21.507247924804688
2014-07-16,21.385404586791992
2014-07-17,21.00408363342285
2014-07-18,21.306428909301758
2014-07-21,21.19587516784668
2014-07-22,21.371864318847656
2014-07-23,21.929180145263672
2014-07-24,21.8930721282959
2014-07-25,22.0374813079834
2014-07-28,22.34208106994629
2014-07-29,22.19768524169922
2014-07-30,22.145780563354492
2014-07-31,21.570419311523438
2014-08-01,21.690006256103516
2014-08-04,21.56816291809082
2014-08-05,21.46211814880371
2014-08-06,21.426015853881836
2014-08-07,21.423748016357422
2014-08-08,21.482707977294922
2014-08-11,21.766145706176758
2014-08-12,21.761615753173828
2014-08-13,22.049589157104492
2014-08-14,22.108549118041992
2014-08-15,22.217395782470703
2014-08-18,22.484960556030273
2014-08-19,22.795618057250977
2014-08-20,22.804683685302734
2014-08-21,22.80695343017578
2014-08-22,22.974746704101562
2014-08-25,23.024635314941406
2014-08-26,22.87724494934082
2014-08-27,23.158418655395508
2014-08-28,23.18562889099121
2014-08-29,23.24231719970703
2014-09-02,23.42372703552246
2014-09-03,22.435073852539062
2014-09-04,22.249135971069336
2014-09-05,22.441877365112305
2014-09-08,22.30355453491211
2014-09-09,22.219663619995117
2014-09-10,22.90218734741211
2014-09-11,22.99969482421875
2014-09-12,23.051847457885742
2014-09-15,23.0450382232666
2014-09-16,22.870441436767578
2014-09-17,23.033702850341797
2014-09-18,23.081321716308594
2014-09-19,22.893117904663086
2014-09-22,22.915794372558594
2014-09-23,23.274063110351562
2014-09-24,23.072256088256836
2014-09-25,22.192445755004883
2014-09-26,22.84549903869629
2014-09-29,22.700376510620117
2014-09-30,22.84549903869629
2014-10-01,22.489492416381836
2014-10-02,22.652761459350586
2014-10-03,22.589265823364258
2014-10-06,22.589265823364258
2014-10-07,22.391986846923828
2014-10-08,22.856840133666992
2014-10-09,22.906723022460938
2014-10-10,22.840959548950195
2014-10-13,22.63235092163086
2014-10-14,22.391986846923828
2014-10-15,22.117618560791016
2014-10-16,21.82737159729004
2014-10-17,22.1470947265625
2014-10-20,22.62101173400879
2014-10-21,23.235515594482422
2014-10-22,23.353429794311523
2014-10-23,23.770660400390625
2014-10-24,23.85909080505371
2014-10-27,23.834150314331055
2014-10-28,24.20375633239746
2014-10-29,24.33980941772461
2014-10-30,24.258182525634766
2014-10-31,24.489465713500977
2014-11-03,24.806926727294922
2014-11-04,24.625524520874023
2014-11-05,24.684480667114258
2014-11-06,24.755075454711914
2014-11-07,24.82567596435547
2014-11-10,24.784683227539062
2014-11-11,24.98280906677246
2014-11-12,25.33580780029297
2014-11-13,25.6933536529541
2014-11-14,26.003076553344727
2014-11-17,25.959806442260742
2014-11-18,26.296859741210938
2014-11-19,26.114667892456055
2014-11-20,26.488155364990234
2014-11-21,26.524593353271484
2014-11-24,27.016510009765625
2014-11-25,26.78193473815918
2014-11-26,27.100778579711914
2014-11-28,27.0848331451416
2014-12-01,26.205766677856445
2014-12-02,26.105554580688477
2014-12-03,26.4016170501709
2014-12-04,26.301414489746094
2014-12-05,26.189821243286133
2014-12-08,25.597705841064453
2014-12-09,25.98941421508789
2014-12-10,25.495223999023438
2014-12-11,25.420068740844727
2014-12-12,24.98965072631836
2014-12-15,24.648040771484375
2014-12-16,24.31098175048828
2014-12-17,24.916767120361328
2014-12-18,25.654640197753906
2014-12-19,25.456510543823242
2014-12-22,25.720685958862305
2014-12-23,25.629587173461914
2014-12-24,25.508888244628906
2014-12-26,25.959806442260742
2014-12-29,25.94158935546875
2014-12-30,25.62503433227539
2014-12-31,25.137676239013672
2015-01-02,24.89855194091797
2015-01-05,24.19711685180664
2015-01-06,24.199399948120117
2015-01-07,24.538728713989258
2015-01-08,25.481557846069336
2015-01-09,25.508888244628906
2015-01-12,24.88033103942871
2015-01-13,25.101242065429688
2015-01-14,25.00558853149414
2015-01-15,24.32692527770996
2015-01-16,24.137907028198242
2015-01-20,24.759626388549805
2015-01-21,24.948652267456055
2015-01-22,25.597705841064453
2015-01-23,25.72978973388672
2015-01-26,25.757123947143555
2015-01-27,24.855283737182617
2015-01-28,26.260419845581055
2015-01-29,27.0779972076416
2015-01-30,26.68173599243164
2015-02-02,27.016510009765625
2015-02-03,27.021060943603516
2015-02-04,27.22830581665039
2015-02-05,27.422645568847656
2015-02-06,27.191726684570312
2015-02-09,27.372344970703125
2015-02-10,27.898208618164062
2015-02-11,28.552112579345703
2015-02-12,28.913358688354492
2015-02-13,29.055112838745117
2015-02-17,29.22658920288086
2015-02-18,29.430076599121094
2015-02-19,29.368343353271484
2015-02-20,29.60841178894043
2015-02-23,30.408634185791016
2015-02-24,30.2188720703125
2015-02-25,29.446073532104492
2015-02-26,29.818758010864258
2015-02-27,29.370628356933594
2015-03-02,29.51466941833496
2015-03-03,29.576406478881836
2015-03-04,29.388917922973633
2015-03-05,28.901926040649414
2015-03-06,28.945363998413086
2015-03-09,29.068830490112305
2015-03-10,28.46751594543457
2015-03-11,27.948511123657227
2015-03-12,28.453798294067383
2015-03-13,28.257169723510742
2015-03-16,28.568111419677734
2015-03-17,29.04596519470215
2015-03-18,29.37291717529297
2015-03-19,29.151140213012695
2015-03-20,28.78531837463379
2015-03-23,29.084835052490234
2015-03-24,28.965940475463867
2015-03-25,28.209152221679688
2015-03-26,28.405780792236328
2015-03-27,28.179433822631836
2015-03-30,28.892780303955078
2015-03-31,28.449222564697266
2015-04-01,28.408071517944336
2015-04-02,28.652708053588867
2015-04-06,29.116844177246094
2015-04-07,28.810468673706055
2015-04-08,28.716732025146484
2015-04-09,28.936214447021484
2015-04-10,29.059680938720703
2015-04-13,29.00252342224121
2015-04-14,28.876771926879883
2015-04-15,28.986515045166016
2015-04-16,28.847049713134766
2015-04-17,28.522384643554688
2015-04-20,29.173999786376953
2015-04-21,29.016244888305664
2015-04-22,29.407215118408203
2015-04-23,29.647281646728516
2015-04-24,29.786746978759766
2015-04-27,30.328609466552734
2015-04-28,29.85076141357422
2015-04-29,29.411785125732422
2015-04-30,28.613842010498047
2015-05-01,29.48265838623047
2015-05-04,29.425500869750977
2015-05-05,28.76245880126953
2015-05-06,28.58183479309082
2015-05-07,28.75861930847168
2015-05-08,29.300458908081055
2015-05-11,29.00198745727539
2015-05-12,28.8986759185791
2015-05-13,28.930809020996094
2015-05-14,29.605806350708008
2015-05-15,29.56448745727539
2015-05-18,29.890506744384766
2015-05-19,29.862958908081055
2015-05-20,29.860654830932617
2015-05-21,30.1660213470459
2015-05-22,30.4300479888916
2015-05-26,29.75963020324707
2015-05-27,30.315250396728516
2015-05-28,30.25554656982422
2015-05-29,29.911170959472656
2015-06-01,29.97086524963379
2015-06-02,29.837703704833984
2015-06-03,29.874433517456055
2015-06-04,29.699947357177734
2015-06-05,29.53693389892578
2015-06-08,29.34178352355957
2015-06-09,29.254535675048828
2015-06-10,29.589736938476562
2015-06-11,29.523157119750977
2015-06-12,29.197141647338867
2015-06-15,29.139741897583008
2015-06-16,29.295862197875977
2015-06-17,29.22698211669922
2015-06-18,29.360151290893555
2015-06-19,29.066267013549805
2015-06-22,29.29815673828125
2015-06-23,29.164993286132812
2015-06-24,29.41295623779297
2015-06-25,29.272903442382812
2015-06-26,29.100709915161133
2015-06-29,28.59101676940918
2015-06-30,28.797649383544922
2015-07-01,29.066267013549805
2015-07-02,29.029537200927734
2015-07-06,28.92851448059082
2015-07-07,28.857349395751953
2015-07-08,28.141019821166992
2015-07-09,27.567041397094727
2015-07-10,28.304025650024414
2015-07-13,28.85045623779297
2015-07-14,28.838979721069336
2015-07-15,29.116783142089844
2015-07-16,29.504793167114258
2015-07-17,29.75963020324707
2015-07-20,30.322134017944336
2015-07-21,30.01907730102539
2015-07-22,28.74943733215332
2015-07-23,28.735660552978516
2015-07-24,28.584131240844727
2015-07-27,28.186941146850586
2015-07-28,28.32698631286621
2015-07-29,28.23744773864746
2015-07-30,28.09510040283203
2015-07-31,27.849435806274414
2015-08-03,27.192806243896484
2015-08-04,26.320362091064453
2015-08-05,26.49484634399414
2015-08-06,26.55250358581543
2015-08-07,26.64244842529297
2015-08-10,27.611099243164062
2015-08-11,26.174270629882812
2015-08-12,26.5778751373291
2015-08-13,26.5571231842041
2015-08-14,26.743925094604492
2015-08-17,27.02068519592285
2015-08-18,26.868467330932617
2015-08-19,26.524829864501953
2015-08-20,25.98053550720215
2015-08-21,24.391490936279297
2015-08-24,23.78263282775879
2015-08-25,23.92562484741211
2015-08-26,25.297876358032227
2015-08-27,26.042810440063477
2015-08-28,26.128145217895508
2015-08-31,26.00591468811035
2015-09-01,24.84353256225586
2015-09-02,25.909042358398438
2015-09-03,25.454700469970703
2015-09-04,25.201007843017578
2015-09-08,25.902128219604492
2015-09-09,25.403963088989258
2015-09-10,25.962093353271484
2015-09-11,26.340322494506836
2015-09-14,26.59401512145996
2015-09-15,26.817729949951172
2015-09-16,26.84771728515625
2015-09-17,26.2734432220459
2015-09-18,26.1650447845459
2015-09-21,26.570955276489258
2015-09-22,26.153520584106445
2015-09-23,26.365690231323242
2015-09-24,26.522523880004883
2015-09-25,26.455642700195312
2015-09-28,25.932111740112305
2015-09-29,25.152576446533203
2015-09-30,25.43856430053711
2015-10-01,25.27250862121582
2015-10-02,25.457008361816406
2015-10-05,25.54926300048828
2015-10-06,25.671497344970703
2015-10-07,25.54926300048828
2015-10-08,25.25405502319336
2015-10-09,25.858308792114258
2015-10-12,25.738378524780273
2015-10-13,25.782197952270508
2015-10-14,25.417804718017578
2015-10-15,25.79834747314453
2015-10-16,25.609230041503906
2015-10-19,25.76836585998535
2015-10-20,26.238849639892578
2015-10-21,26.236543655395508
2015-10-22,26.637842178344727
2015-10-23,27.46349334716797
2015-10-26,26.587100982666016
2015-10-27,26.418745040893555
2015-10-28,27.50731658935547
2015-10-29,27.797910690307617
2015-10-30,27.56036376953125
2015-11-02,27.94782257080078
2015-11-03,28.26839828491211
2015-11-04,28.136940002441406
2015-11-05,28.007230758666992
2015-11-06,28.039655685424805
2015-11-09,27.926164627075195
2015-11-10,27.046016693115234
2015-11-11,26.893150329589844
2015-11-12,26.802820205688477
2015-11-13,26.019947052001953
2015-11-16,26.44612693786621
2015-11-17,26.33263397216797
2015-11-18,27.166460037231445
2015-11-19,27.511568069458008
2015-11-20,27.632015228271484
2015-11-23,27.27300453186035
2015-11-24,27.534730911254883
2015-11-25,27.33785629272461
2015-11-27,27.286903381347656
2015-11-30,27.400392532348633
2015-12-01,27.178037643432617
2015-12-02,26.93252182006836
2015-12-03,26.6823787689209
2015-12-04,27.569473266601562
2015-12-07,27.395763397216797
2015-12-08,27.384180068969727
2015-12-09,26.779653549194336
2015-12-10,26.90704917907715
2015-12-11,26.21451187133789
2015-12-14,26.052379608154297
2015-12-15,25.591459274291992
2015-12-16,25.788330078125
2015-12-17,25.241716384887695
2015-12-18,24.558443069458008
2015-12-21,24.859542846679688
2015-12-22,24.836381912231445
2015-12-23,25.156017303466797
2015-12-24,25.021677017211914
2015-12-28,24.741418838500977
2015-12-29,25.186124801635742
2015-12-30,24.857229232788086
2015-12-31,24.38009262084961
2016-01-04,24.400941848754883
2016-01-05,23.789470672607422
2016-01-06,23.323915481567383
2016-01-07,22.33953857421875
2016-01-08,22.457672119140625
2016-01-11,22.821304321289062
2016-01-12,23.15252113342285
2016-01-13,22.55726432800293
2016-01-14,23.05060577392578
2016-01-15,22.497039794921875
2016-01-19,22.38818359375
2016-01-20,22.41829490661621
2016-01-21,22.304800033569336
2016-01-22,23.490686416625977
2016-01-25,23.032081604003906
2016-01-26,23.159467697143555
2016-01-27,21.637739181518555
2016-01-28,21.792924880981445
2016-01-29,22.54568099975586
2016-02-01,22.334911346435547
2016-02-02,21.883258819580078
2016-02-03,22.316381454467773
2016-02-04,22.49569320678711
2016-02-05,21.894878387451172
2016-02-08,22.12542152404785
2016-02-09,22.12076759338379
2016-02-10,21.953094482421875
2016-02-11,21.820358276367188
2016-02-12,21.887893676757812
2016-02-16,22.505006790161133
2016-02-17,22.84966468811035
2016-02-18,22.416515350341797
2016-02-19,22.36528205871582
2016-02-22,22.56089973449707
2016-02-23,22.0509033203125
2016-02-24,22.37925148010254
2016-02-25,22.532957077026367
2016-02-26,22.567882537841797
2016-02-29,22.516653060913086
2016-03-01,23.4108943939209
2016-03-02,23.462127685546875
2016-03-03,23.636777877807617
2016-03-04,23.988418579101562
2016-03-07,23.722946166992188
2016-03-08,23.527326583862305
2016-03-09,23.548290252685547
2016-03-10,23.5599308013916
2016-03-11,23.81376838684082
2016-03-14,23.874311447143555
2016-03-15,24.354034423828125
2016-03-16,24.67772674560547
2016-03-17,24.638141632080078
2016-03-18,24.66608428955078
2016-03-21,24.663761138916016
2016-03-22,24.852388381958008
2016-03-23,24.714990615844727
2016-03-24,24.607866287231445
2016-03-28,24.496084213256836
2016-03-29,25.075942993164062
2016-03-30,25.513748168945312
2016-03-31,25.381013870239258
2016-04-01,25.613882064819336
2016-04-04,25.877037048339844
2016-04-05,25.571971893310547
2016-04-06,25.83977508544922
2016-04-07,25.276214599609375
2016-04-08,25.30415916442871
2016-04-11,25.38799285888672
2016-04-12,25.718679428100586
2016-04-13,26.091279983520508
2016-04-14,26.105249404907227
2016-04-15,25.58128547668457
2016-04-18,25.02937126159668
2016-04-19,24.896631240844727
2016-04-20,24.947864532470703
2016-04-21,24.67772674560547
2016-04-22,24.610197067260742
2016-04-25,24.470468521118164
2016-04-26,24.30046844482422
2016-04-27,22.779796600341797
2016-04-28,22.083505630493164
2016-04-29,21.829669952392578
2016-05-02,21.80638313293457
2016-05-03,22.165010452270508
2016-05-04,21.93446159362793
2016-05-05,21.84543800354004
2016-05-06,21.723604202270508
2016-05-09,21.740001678466797
2016-05-10,21.887601852416992
2016-05-11,21.674400329589844
2016-05-12,21.165979385375977
2016-05-13,21.20815658569336
2016-05-16,21.99538230895996
2016-05-17,21.904010772705078
2016-05-18,22.154695510864258
2016-05-19,22.070350646972656
2016-05-20,22.3093318939209
2016-05-23,22.59282875061035
2016-05-24,22.93724250793457
2016-05-25,23.340221405029297
2016-05-26,23.525312423706055
2016-05-27,23.511253356933594
2016-05-31,23.396451950073242
2016-06-01,23.068445205688477
2016-06-02,22.89506721496582
2016-06-03,22.941923141479492
2016-06-06,23.108264923095703
2016-06-07,23.20198631286621
2016-06-08,23.18090057373047
2016-06-09,23.347248077392578
2016-06-10,23.155132293701172
2016-06-13,22.806034088134766
2016-06-14,22.834148406982422
2016-06-15,22.75917625427246
2016-06-16,22.855236053466797
2016-06-17,22.335105895996094
2016-06-20,22.281219482421875
2016-06-21,22.470993041992188
2016-06-22,22.38665199279785
2016-06-23,22.515512466430664
2016-06-24,21.882919311523438
2016-06-27,21.564281463623047
2016-06-28,21.927433013916016
2016-06-29,22.117212295532227
2016-06-30,22.398365020751953
2016-07-01,22.46630859375
2016-07-05,22.255449295043945
2016-07-06,22.381961822509766
2016-07-07,22.4780216217041
2016-07-08,22.651403427124023
2016-07-11,22.72169303894043
2016-07-12,22.824777603149414
2016-07-13,22.695920944213867
2016-07-14,23.14575958251953
2016-07-15,23.143417358398438
2016-07-18,23.389419555664062
2016-07-19,23.39879035949707
2016-07-20,23.41988182067871
2016-07-21,23.295703887939453
2016-07-22,23.115304946899414
2016-07-25,22.806034088134766
2016-07-26,22.649059295654297
2016-07-27,24.120412826538086
2016-07-28,24.44607925415039
2016-07-29,24.415626525878906
2016-08-01,24.84671974182129
2016-08-02,24.4788818359375
2016-08-03,24.785802841186523
2016-08-04,24.938920974731445
2016-08-05,25.318172454833984
2016-08-08,25.52782440185547
2016-08-09,25.631471633911133
2016-08-10,25.4406681060791
2016-08-11,25.424177169799805
2016-08-12,25.483068466186523
2016-08-15,25.7893009185791
2016-08-16,25.765745162963867
2016-08-17,25.728050231933594
2016-08-18,25.69507598876953
2016-08-19,25.76103401184082
2016-08-22,25.560800552368164
2016-08-23,25.640892028808594
2016-08-24,25.447734832763672
2016-08-25,25.339378356933594
2016-08-26,25.19097137451172
2016-08-29,25.16270637512207
2016-08-30,24.969539642333984
2016-08-31,24.993093490600586
2016-09-01,25.141504287719727
2016-09-02,25.37706756591797
2016-09-06,25.3699951171875
2016-09-07,25.52546501159668
2016-09-08,24.856475830078125
2016-09-09,24.293481826782227
2016-09-12,24.837629318237305
2016-09-13,25.42888832092285
2016-09-14,26.328737258911133
2016-09-15,27.22386932373047
2016-09-16,27.07075309753418
2016-09-19,26.75510025024414
2016-09-20,26.752744674682617
2016-09-21,26.748029708862305
2016-09-22,27.000085830688477
2016-09-23,26.55015754699707
2016-09-26,26.5902042388916
2016-09-27,26.63967514038086
2016-09-28,26.842262268066406
2016-09-29,26.425315856933594
2016-09-30,26.6302547454834
2016-10-03,26.505401611328125
2016-10-04,26.61847496032715
2016-10-05,26.6302547454834
2016-10-06,26.828121185302734
2016-10-07,26.8681697845459
2016-10-10,27.336942672729492
2016-10-11,27.395828247070312
2016-10-12,27.640811920166016
2016-10-13,27.556011199951172
2016-10-14,27.709121704101562
2016-10-17,27.690282821655273
2016-10-18,27.67144012451172
2016-10-19,27.5889892578125
2016-10-20,27.574853897094727
2016-10-21,27.466495513916016
2016-10-24,27.713834762573242
2016-10-25,27.85517120361328
2016-10-26,27.228580474853516
2016-10-27,26.967105865478516
2016-10-28,26.78807830810547
2016-10-31,26.745677947998047
2016-11-01,26.262773513793945
2016-11-02,26.286331176757812
2016-11-03,26.00457763671875
2016-11-04,25.77016830444336
2016-11-07,26.141904830932617
2016-11-08,26.295801162719727
2016-11-09,26.253185272216797
2016-11-10,25.521560668945312
2016-11-11,25.673097610473633
2016-11-14,25.02907943725586
2016-11-15,25.360559463500977
2016-11-16,26.04245948791504
2016-11-17,26.032987594604492
2016-11-18,26.059032440185547
2016-11-21,26.454442977905273
2016-11-22,26.47101402282715
2016-11-23,26.336055755615234
2016-11-25,26.46864891052246
2016-11-28,26.41655921936035
2016-11-29,26.390514373779297
2016-11-30,26.16794776916504
2016-12-01,25.924074172973633
2016-12-02,26.021150588989258
2016-12-05,25.8341007232666
2016-12-06,26.032987594604492
2016-12-07,26.288700103759766
2016-12-08,26.54677963256836
2016-12-09,26.98007583618164
2016-12-12,26.826171875
2016-12-13,27.273670196533203
2016-12-14,27.273670196533203
2016-12-15,27.422834396362305
2016-12-16,27.458349227905273
2016-12-19,27.616987228393555
2016-12-20,27.690387725830078
2016-12-21,27.716432571411133
2016-12-22,27.534114837646484
2016-12-23,27.588571548461914
2016-12-27,27.76378631591797
2016-12-28,27.645402908325195
2016-12-29,27.638296127319336
2016-12-30,27.422834396362305
2017-01-03,27.500972747802734
2017-01-04,27.470191955566406
2017-01-05,27.60988426208496
2017-01-06,27.917688369750977
2017-01-09,28.173398971557617
2017-01-10,28.201810836791992
2017-01-11,28.353342056274414
2017-01-12,28.234956741333008
2017-01-13,28.185239791870117
2017-01-17,28.412540435791016
2017-01-18,28.410173416137695
2017-01-19,28.360448837280273
2017-01-20,28.412540435791016
2017-01-23,28.431480407714844
2017-01-24,28.40543556213379
2017-01-25,28.857664108276367
2017-01-26,28.87187385559082
2017-01-27,28.87424087524414
2017-01-30,28.79847526550293
2017-01-31,28.732175827026367
2017-02-01,30.484281539916992
2017-02-02,30.432201385498047
2017-02-03,30.562421798706055
2017-02-06,30.848915100097656
2017-02-07,31.14250373840332
2017-02-08,31.263259887695312
2017-02-09,31.489168167114258
2017-02-10,31.417829513549805
2017-02-13,31.69605827331543
2017-02-14,32.10744094848633
2017-02-15,32.22396469116211
2017-02-16,32.1859245300293
2017-02-17,32.27391052246094
2017-02-21,32.506954193115234
2017-02-22,32.60444259643555
2017-02-23,32.46652603149414
2017-02-24,32.497440338134766
2017-02-27,32.5616340637207
2017-02-28,32.57591247558594
2017-03-01,33.241737365722656
2017-03-02,33.04436492919922
2017-03-03,33.23936462402344
2017-03-06,33.13473129272461
2017-03-07,33.17753982543945
2017-03-08,33.05387496948242
2017-03-09,32.977787017822266
2017-03-10,33.08717727661133
2017-03-13,33.10143280029297
2017-03-14,33.05150604248047
2017-03-15,33.401065826416016
2017-03-16,33.455753326416016
2017-03-17,33.289302825927734
2017-03-20,33.638858795166016
2017-03-21,33.253631591796875
2017-03-22,33.62934875488281
2017-03-23,33.51045608520508
2017-03-24,33.443870544433594
2017-03-27,33.50094223022461
2017-03-28,34.195308685302734
2017-03-29,34.271400451660156
2017-03-30,34.226219177246094
2017-03-31,34.162017822265625
2017-04-03,34.1715202331543
2017-04-04,34.42597579956055
2017-04-05,34.247623443603516
2017-04-06,34.162017822265625
2017-04-07,34.08591842651367
2017-04-10,34.04549789428711
2017-04-11,33.67928695678711
2017-04-12,33.71971130371094
2017-04-13,33.54136276245117
2017-04-17,33.72685241699219
2017-04-18,33.5770378112793
2017-04-19,33.45337677001953
2017-04-20,33.87190628051758
2017-04-21,33.83147430419922
2017-04-24,34.15726852416992
2017-04-25,34.368900299072266
2017-04-26,34.16677474975586
2017-04-27,34.192935943603516
2017-04-28,34.159637451171875
2017-05-01,34.856388092041016
2017-05-02,35.07754135131836
2017-05-03,34.97052764892578
2017-05-04,34.844486236572266
2017-05-05,35.42234420776367
2017-05-08,36.38542175292969
2017-05-09,36.61846923828125
2017-05-10,36.44487380981445
2017-05-11,36.76005935668945
2017-05-12,37.273441314697266
2017-05-15,37.177921295166016
2017-05-16,37.12301254272461
2017-05-17,35.87657928466797
2017-05-18,36.423377990722656
2017-05-19,36.54754638671875
2017-05-22,36.769615173339844
2017-05-23,36.724239349365234
2017-05-24,36.61441421508789
2017-05-25,36.7409553527832
2017-05-26,36.67887878417969
2017-05-30,36.69320297241211
2017-05-31,36.47590637207031
2017-06-01,36.57619857788086
2017-06-02,37.11822509765625
2017-06-05,36.755287170410156
2017-06-06,36.879451751708984
2017-06-07,37.099124908447266
2017-06-08,37.00838851928711
2017-06-09,35.57332229614258
2017-06-12,34.7232780456543
2017-06-13,35.00264358520508
2017-06-14,34.66119384765625
2017-06-15,34.453453063964844
2017-06-16,33.97111892700195
2017-06-19,34.94295120239258
2017-06-20,34.62537384033203
2017-06-21,34.830726623535156
2017-06-22,34.7734260559082
2017-06-23,34.92862319946289
2017-06-26,34.81878662109375
2017-06-27,34.319732666015625
2017-06-28,34.82117462158203
2017-06-29,34.30780029296875
2017-06-30,34.38898468017578
2017-07-03,34.26482009887695
2017-07-05,34.40569305419922
2017-07-06,34.080963134765625
2017-07-07,34.427188873291016
2017-07-10,34.63731384277344
2017-07-11,34.749542236328125
2017-07-12,34.7996826171875
2017-07-13,35.28440856933594
2017-07-14,35.58765411376953
2017-07-17,35.71181869506836
2017-07-18,35.83598709106445
2017-07-19,36.060447692871094
2017-07-20,35.898067474365234
2017-07-21,35.881351470947266
2017-07-24,36.31593322753906
2017-07-25,36.47113800048828
2017-07-26,36.64306640625
2017-07-27,35.95059585571289
2017-07-28,35.69749450683594
2017-07-31,35.51362991333008
2017-08-01,35.828819274902344
2017-08-02,37.52177047729492
2017-08-03,37.14688491821289
2017-08-04,37.34268569946289
2017-08-07,37.9205322265625
2017-08-08,38.223777770996094
2017-08-09,38.45777893066406
2017-08-10,37.23283767700195
2017-08-11,37.75061798095703
2017-08-14,38.318748474121094
2017-08-15,38.73825454711914
2017-08-16,38.582435607910156
2017-08-17,37.841712951660156
2017-08-18,37.75541305541992
2017-08-21,37.68589782714844
2017-08-22,38.301963806152344
2017-08-23,38.34991455078125
2017-08-24,38.179710388183594
2017-08-25,38.321136474609375
2017-08-28,38.70709991455078
2017-08-29,39.052284240722656
2017-08-30,39.15776062011719
2017-08-31,39.313568115234375
2017-09-01,39.325557708740234
2017-09-05,38.85331726074219
2017-09-06,38.812557220458984
2017-09-07,38.65675354003906
2017-09-08,38.026302337646484
2017-09-11,38.71427917480469
2017-09-12,38.56086730957031
2017-09-13,38.27080154418945
2017-09-14,37.94239044189453
2017-09-15,38.32593536376953
2017-09-18,38.035884857177734
2017-09-19,38.050262451171875
2017-09-20,37.412628173828125
2017-09-21,36.77016830444336
2017-09-22,36.41060256958008
2017-09-25,36.089378356933594
2017-09-26,36.71024703979492
2017-09-27,36.97153091430664
2017-09-28,36.743804931640625
2017-09-29,36.945167541503906
2017-10-02,36.87086486816406
2017-10-03,37.031463623046875
2017-10-04,36.791751861572266
2017-10-05,37.249610900878906
2017-10-06,37.22803497314453
2017-10-09,37.35748291015625
2017-10-10,37.371864318847656
2017-10-11,37.52768325805664
2017-10-12,37.39583969116211
2017-10-13,37.63315963745117
2017-10-16,38.32593536376953
2017-10-17,38.46737289428711
2017-10-18,38.29718017578125
2017-10-19,37.39104461669922
2017-10-20,37.45577621459961
2017-10-23,37.43659591674805
2017-10-24,37.65953063964844
2017-10-25,37.49412155151367
2017-10-26,37.73384094238281
2017-10-27,39.085838317871094
2017-10-30,39.96560287475586
2017-10-31,40.52174758911133
2017-11-01,40.0063591003418
2017-11-02,40.29881286621094
2017-11-03,41.35116958618164
2017-11-06,41.77067565917969
2017-11-07,41.904911041259766
2017-11-08,42.247711181640625
2017-11-09,42.16141128540039
2017-11-10,42.02186584472656
2017-11-13,41.85346984863281
2017-11-14,41.22074508666992
2017-11-15,40.677040100097656
2017-11-16,41.16300582885742
2017-11-17,40.93445587158203
2017-11-20,40.8935546875
2017-11-21,41.65378952026367
2017-11-22,42.091644287109375
2017-11-24,42.094051361083984
2017-11-27,41.8823356628418
2017-11-28,41.6369514465332
2017-11-29,40.77327346801758
2017-11-30,41.343441009521484
2017-12-01,41.15098571777344
2017-12-04,40.85025405883789
2017-12-05,40.811763763427734
2017-12-06,40.66019821166992
2017-12-07,40.73478317260742
2017-12-08,40.74680709838867
2017-12-11,41.54071807861328
2017-12-12,41.307350158691406
2017-12-13,41.44448471069336
2017-12-14,41.432456970214844
2017-12-15,41.85346984863281
2017-12-18,42.4428825378418
2017-12-19,41.9906005859375
2017-12-20,41.944889068603516
2017-12-21,42.103675842285156
2017-12-22,42.103675842285156
2017-12-26,41.03550720214844
2017-12-27,41.042720794677734
2017-12-28,41.1581916809082
2017-12-29,40.71312713623047
2018-01-02,41.442081451416016
2018-01-03,41.43486404418945
2018-01-04,41.627323150634766
2018-01-05,42.101261138916016
2018-01-08,41.944889068603516
2018-01-09,41.9400749206543
2018-01-10,41.930458068847656
2018-01-11,42.16862106323242
2018-01-12,42.60407638549805
2018-01-16,42.38755416870117
2018-01-17,43.087642669677734
2018-01-18,43.126129150390625
2018-01-19,42.93367385864258
2018-01-22,42.582420349121094
2018-01-23,42.59204864501953
2018-01-24,41.913612365722656
2018-01-25,41.1654167175293
2018-01-26,41.26163864135742
2018-01-29,40.4075927734375
2018-01-30,40.1694221496582
2018-01-31,40.280086517333984
2018-02-01,40.364295959472656
2018-02-02,38.61287307739258
2018-02-05,37.648155212402344
2018-02-06,39.22153091430664
2018-02-07,38.381927490234375
2018-02-08,37.32577896118164
2018-02-09,37.782325744628906
2018-02-12,39.30414962768555
2018-02-13,39.69789505004883
2018-02-14,40.429813385009766
2018-02-15,41.78738021850586
2018-02-16,41.65211486816406
2018-02-20,41.51200485229492
2018-02-21,41.32359313964844
2018-02-22,41.66902160644531
2018-02-23,42.393699645996094
2018-02-26,43.231910705566406
2018-02-27,43.0918083190918
2018-02-28,43.026588439941406
2018-03-01,42.27291488647461
2018-03-02,42.56520462036133
2018-03-05,42.712554931640625
2018-03-06,42.67632293701172
2018-03-07,42.2801628112793
2018-03-08,42.74154281616211
2018-03-09,43.47587966918945
2018-03-12,43.89619445800781
2018-03-13,43.47346496582031
2018-03-14,43.1038818359375
2018-03-15,43.154605865478516
2018-03-16,43.0024299621582
2018-03-19,42.345394134521484
2018-03-20,42.33089065551758
2018-03-21,41.37190246582031
2018-03-22,40.787322998046875
2018-03-23,39.84282684326172
2018-03-26,41.73424530029297
2018-03-27,40.664127349853516
2018-03-28,40.21483612060547
2018-03-29,40.528865814208984
2018-04-02,40.26314163208008
2018-04-03,40.67620849609375
2018-04-04,41.45403289794922
2018-04-05,41.741485595703125
2018-04-06,40.67380142211914
2018-04-09,41.07720184326172
2018-04-10,41.85019302368164
2018-04-11,41.65452194213867
2018-04-12,42.0651741027832
2018-04-13,42.20769500732422
2018-04-16,42.47100067138672
2018-04-17,43.055572509765625
2018-04-18,42.95895004272461
2018-04-19,41.741485595703125
2018-04-20,40.03124237060547
2018-04-23,39.91529846191406
2018-04-24,39.35971450805664
2018-04-25,39.531211853027344
2018-04-26,39.66890335083008
2018-04-27,39.20994567871094
2018-04-30,39.92012023925781
2018-05-01,40.847713470458984
2018-05-02,42.65217208862305
2018-05-03,42.729461669921875
2018-05-04,44.40589141845703
2018-05-07,44.72716522216797
2018-05-08,44.94215393066406
2018-05-09,45.25859832763672
2018-05-10,45.905975341796875
2018-05-11,45.731380462646484
2018-05-14,45.62468338012695
2018-05-15,45.21002197265625
2018-05-16,45.6319580078125
2018-05-17,45.3433952331543
2018-05-18,45.17849349975586
2018-05-21,45.49858474731445
2018-05-22,45.384620666503906
2018-05-23,45.67560958862305
2018-05-24,45.62468338012695
2018-05-25,45.72895431518555
2018-05-29,45.564064025878906
2018-05-30,45.467063903808594
2018-05-31,45.314292907714844
2018-06-01,46.131492614746094
2018-06-04,46.51704788208008
2018-06-05,46.87593460083008
2018-06-06,47.03840255737305
2018-06-07,46.912315368652344
2018-06-08,46.48552322387695
2018-06-11,46.371559143066406
2018-06-12,46.62616729736328
2018-06-13,46.24303436279297
2018-06-14,46.26728820800781
2018-06-15,45.7920036315918
2018-06-18,45.76774978637695
2018-06-19,45.02815246582031
2018-06-20,45.224578857421875
2018-06-21,44.97238540649414
2018-06-22,44.84143829345703
2018-06-25,44.17458724975586
2018-06-26,44.722618103027344
2018-06-27,44.65714645385742
2018-06-28,44.98208236694336
2018-06-29,44.88751220703125
2018-07-02,45.389461517333984
2018-07-03,44.598941802978516
2018-07-05,44.957828521728516
2018-07-06,45.58103561401367
2018-07-09,46.21394348144531
2018-07-10,46.158164978027344
2018-07-11,45.55921173095703
2018-07-12,46.32305908203125
2018-07-13,46.39580154418945
2018-07-16,46.29396057128906
2018-07-17,46.42490005493164
2018-07-18,46.170291900634766
2018-07-19,46.52918243408203
2018-07-20,46.4224853515625
2018-07-23,46.46370315551758
2018-07-24,46.80076599121094
2018-07-25,47.242103576660156
2018-07-26,47.094181060791016
2018-07-27,46.31093215942383
2018-07-30,46.05147171020508
2018-07-31,46.143611907958984
2018-08-01,48.861934661865234
2018-08-02,50.29020690917969
2018-08-03,50.43571090698242
2018-08-06,50.69759750366211
2018-08-07,50.222312927246094
2018-08-08,50.25626754760742
2018-08-09,50.651527404785156
2018-08-10,50.50064468383789
2018-08-13,50.82672119140625
2018-08-14,51.04087448120117
2018-08-15,51.16011047363281
2018-08-16,51.909603118896484
2018-08-17,52.946231842041016
2018-08-20,52.43034744262695
2018-08-21,52.3281364440918
2018-08-22,52.33058166503906
2018-08-23,52.43764877319336
2018-08-24,52.60068893432617
2018-08-27,53.033836364746094
2018-08-28,53.46211624145508
2018-08-29,54.26027297973633
2018-08-30,54.75912094116211
2018-08-31,55.39181137084961
2018-09-04,55.56945037841797
2018-09-05,55.20687484741211
2018-09-06,54.28947830200195
2018-09-07,53.851463317871094
2018-09-10,53.12874221801758
2018-09-11,54.47199249267578
2018-09-12,53.795494079589844
2018-09-13,55.09494400024414
2018-09-14,54.46955108642578
2018-09-17,53.01923751831055
2018-09-18,53.10683822631836
2018-09-19,53.138465881347656
2018-09-20,53.54241943359375
2018-09-21,52.96570587158203
2018-09-24,53.727359771728516
2018-09-25,54.06803512573242
2018-09-26,53.63732147216797
2018-09-27,54.73965835571289
2018-09-28,54.93190383911133
2018-10-01,55.30177688598633
2018-10-02,55.7933235168457
2018-10-03,56.47225570678711
2018-10-04,55.47942352294922
2018-10-05,54.579044342041016
2018-10-08,54.45252227783203
2018-10-09,55.20687484741211
2018-10-10,52.649349212646484
2018-10-11,52.184574127197266
2018-10-12,54.04856872558594
2018-10-15,52.89269256591797
2018-10-16,54.05829620361328
2018-10-17,53.82469940185547
2018-10-18,52.56662368774414
2018-10-19,53.36721420288086
2018-10-22,53.693294525146484
2018-10-23,54.199440002441406
2018-10-24,52.340309143066406
2018-10-25,53.486454010009766
2018-10-26,52.63475799560547
2018-10-29,51.646793365478516
2018-10-30,51.90473556518555
2018-10-31,53.257713317871094
2018-11-01,54.07533264160156
2018-11-02,50.488487243652344
2018-11-05,49.05520248413086
2018-11-06,49.5856819152832
2018-11-07,51.089534759521484
2018-11-08,50.91128158569336
2018-11-09,49.929630279541016
2018-11-12,47.41447067260742
2018-11-13,46.94074249267578
2018-11-14,45.61478805541992
2018-11-15,46.74051284790039
2018-11-16,47.2581901550293
2018-11-19,45.385250091552734
2018-11-20,43.21683883666992
2018-11-21,43.16799545288086
2018-11-23,42.07157897949219
2018-11-26,42.64054489135742
2018-11-27,42.54775619506836
2018-11-28,44.18383026123047
2018-11-29,43.84440231323242
2018-11-30,43.6075439453125
2018-12-03,45.131290435791016
2018-12-04,43.14602279663086
2018-12-06,42.66496658325195
2018-12-07,41.1436653137207
2018-12-10,41.414710998535156
2018-12-11,41.17784118652344
2018-12-12,41.29261779785156
2018-12-13,41.74436950683594
2018-12-14,40.40863800048828
2018-12-17,40.0325927734375
2018-12-18,40.55271911621094
2018-12-19,39.287818908691406
2018-12-20,38.29639434814453
2018-12-21,36.80683517456055
2018-12-24,35.8544921875
2018-12-26,38.379425048828125
2018-12-27,38.13034439086914
2018-12-28,38.14988327026367
2018-12-31,38.518611907958984
2019-01-02,38.56256103515625
2019-01-03,34.72145080566406
2019-01-04,36.203678131103516
2019-01-07,36.123104095458984
2019-01-08,36.81171798706055
2019-01-09,37.43684387207031
2019-01-10,37.5565071105957
2019-01-11,37.18777084350586
2019-01-14,36.628578186035156
2019-01-15,37.37824249267578
2019-01-16,37.83488082885742
2019-01-17,38.05953598022461
2019-01-18,38.293949127197266
2019-01-22,37.434410095214844
2019-01-23,37.5858039855957
2019-01-24,37.28788757324219
2019-01-25,38.52349090576172
2019-01-28,38.16697692871094
2019-01-29,37.771385192871094
2019-01-30,40.35247802734375
2019-01-31,40.64306640625
2019-02-01,40.66260528564453
2019-02-04,41.817623138427734
2019-02-05,42.533103942871094
2019-02-06,42.54775619506836
2019-02-07,41.74192428588867
2019-02-08,41.790977478027344
2019-02-11,41.55064010620117
2019-02-12,41.908687591552734
2019-02-13,41.73456573486328
2019-02-14,41.88661575317383
2019-02-15,41.793426513671875
2019-02-19,41.918495178222656
2019-02-20,42.188255310058594
2019-02-21,41.95037841796875
2019-02-22,42.41878128051758
2019-02-25,42.727783203125
2019-02-26,42.75230026245117
2019-02-27,42.884735107421875
2019-02-28,42.46292495727539
2019-03-01,42.90925979614258
2019-03-04,43.125064849853516
2019-03-05,43.04658889770508
2019-03-06,42.79890060424805
2019-03-07,42.30351638793945
2019-03-08,42.40406799316406
2019-03-11,43.87303924560547
2019-03-12,44.36597442626953
2019-03-13,44.562164306640625
2019-03-14,45.05754089355469
2019-03-15,45.64365768432617
2019-03-18,46.109615325927734
2019-03-19,45.74420928955078
2019-03-20,46.143943786621094
2019-03-21,47.84343719482422
2019-03-22,46.85268020629883
2019-03-25,46.28617858886719
2019-03-26,45.807960510253906
2019-03-27,46.21996307373047
2019-03-28,46.281272888183594
2019-03-29,46.582916259765625
2019-04-01,46.89927673339844
2019-04-02,47.5810432434082
2019-04-03,47.90720748901367
2019-04-04,47.99058532714844
2019-04-05,48.31184387207031
2019-04-08,49.072078704833984
2019-04-09,48.92494201660156
2019-04-10,49.199607849121094
2019-04-11,48.79005813598633
2019-04-12,48.770442962646484
2019-04-15,48.85872268676758
2019-04-16,48.86362838745117
2019-04-17,49.815155029296875
2019-04-18,49.994178771972656
2019-04-22,50.15848922729492
2019-04-23,50.88193893432617
2019-04-24,50.803462982177734
2019-04-25,50.3424186706543
2019-04-26,50.10208511352539
2019-04-29,50.178104400634766
2019-04-30,49.21186447143555
2019-05-01,51.62746047973633
2019-05-02,51.29148483276367
2019-05-03,51.929107666015625
2019-05-06,51.12717819213867
2019-05-07,49.748939514160156
2019-05-08,49.75874710083008
2019-05-09,49.2241325378418
2019-05-10,48.542205810546875
2019-05-13,45.72096252441406
2019-05-14,46.44473648071289
2019-05-15,47.001102447509766
2019-05-16,46.79431915283203
2019-05-17,46.528438568115234
2019-05-20,45.0734977722168
2019-05-21,45.93760299682617
2019-05-22,44.99718475341797
2019-05-23,44.22909927368164
2019-05-24,44.05923080444336
2019-05-28,43.87705612182617
2019-05-29,43.66780090332031
2019-05-30,43.894287109375
2019-05-31,43.099117279052734
2019-06-03,42.66337585449219
2019-06-04,44.22417449951172
2019-06-05,44.9380989074707
2019-06-06,45.59786605834961
2019-06-07,46.81155014038086
2019-06-10,47.409767150878906
2019-06-11,47.9587516784668
2019-06-12,47.80612564086914
2019-06-13,47.79627227783203
2019-06-14,47.449153900146484
2019-06-17,47.732269287109375
2019-06-18,48.8548583984375
2019-06-19,48.71207046508789
2019-06-20,49.10350036621094
2019-06-21,48.936092376708984
2019-06-24,48.886863708496094
2019-06-25,48.14585494995117
2019-06-26,49.18720626831055
2019-06-27,49.17243576049805
2019-06-28,48.72438430786133
2019-07-01,49.61802673339844
2019-07-02,49.908512115478516
2019-07-03,50.32210159301758
2019-07-05,50.27779006958008
2019-07-08,49.24135971069336
2019-07-09,49.54171371459961
2019-07-10,50.031612396240234
2019-07-11,49.667259216308594
2019-07-12,50.04884719848633
2019-07-15,50.51905059814453
2019-07-16,50.34425735473633
2019-07-17,50.061153411865234
2019-07-18,50.62983322143555
2019-07-19,49.874053955078125
2019-07-22,51.01387405395508
2019-07-23,51.412689208984375
2019-07-24,51.370849609375
2019-07-25,50.96464157104492
2019-07-26,51.14189147949219
2019-07-29,51.61948013305664
2019-07-30,51.397918701171875
2019-07-31,52.446659088134766
2019-08-01,51.3117561340332
2019-08-02,50.22609329223633
2019-08-05,47.596858978271484
2019-08-06,48.497894287109375
2019-08-07,49.00010299682617
2019-08-08,50.08084487915039
2019-08-09,49.66815948486328
2019-08-12,49.5421257019043
2019-08-13,51.64015579223633
2019-08-14,50.10308837890625
2019-08-15,49.85350036621094
2019-08-16,51.02977752685547
2019-08-19,51.98118209838867
2019-08-20,51.9836540222168
2019-08-21,52.547080993652344
2019-08-22,52.50259780883789
2019-08-23,50.075904846191406
2019-08-26,51.027305603027344
2019-08-27,50.45151901245117
2019-08-28,50.79007339477539
2019-08-29,51.65003967285156
2019-08-30,51.58332443237305
2019-09-03,50.83208084106445
2019-09-04,51.694522857666016
2019-09-05,52.70523452758789
2019-09-06,52.700286865234375
2019-09-09,52.9251708984375
2019-09-10,53.55037307739258
2019-09-11,55.25301742553711
2019-09-12,55.129459381103516
2019-09-13,54.05696487426758
2019-09-16,54.34115219116211
2019-09-17,54.53884506225586
2019-09-18,55.050384521484375
2019-09-19,54.60310363769531
2019-09-20,53.804901123046875
2019-09-23,54.049556732177734
2019-09-24,53.79254913330078
2019-09-25,54.62039566040039
2019-09-26,54.33868408203125
2019-09-27,54.07426834106445
2019-09-30,55.346920013427734
2019-10-01,55.5001335144043
2019-10-02,54.108863830566406
2019-10-03,54.56849670410156
2019-10-04,56.0981559753418
2019-10-07,56.11051559448242
2019-10-08,55.45317840576172
2019-10-09,56.10309982299805
2019-10-10,56.859283447265625
2019-10-11,58.37164306640625
2019-10-14,58.287620544433594
2019-10-15,58.151710510253906
2019-10-16,57.91694641113281
2019-10-17,58.14181900024414
2019-10-18,58.42106628417969
2019-10-21,59.43424606323242
2019-10-22,59.298336029052734
2019-10-23,60.09404754638672
2019-10-24,60.192893981933594
2019-10-25,60.93425369262695
2019-10-28,61.54462814331055
2019-10-29,60.12123107910156
2019-10-30,60.11381530761719
2019-10-31,61.47296142578125
2019-11-01,63.21761703491211
2019-11-04,63.63276672363281
2019-11-05,63.541343688964844
2019-11-06,63.568519592285156
2019-11-07,64.30218505859375
2019-11-08,64.47816467285156
2019-11-11,64.98876953125
2019-11-12,64.92926788330078
2019-11-13,65.55139923095703
2019-11-14,65.09781646728516
2019-11-15,65.87113952636719
2019-11-18,66.2032699584961
2019-11-19,66.00250244140625
2019-11-20,65.23414611816406
2019-11-21,64.94166564941406
2019-11-22,64.88465118408203
2019-11-25,66.02232360839844
2019-11-26,65.50679016113281
2019-11-27,66.38668060302734
2019-11-29,66.24044799804688
2019-12-02,65.47456359863281
2019-12-03,64.3071517944336
2019-12-04,64.87474060058594
2019-12-05,65.82652282714844
2019-12-06,67.09803009033203
2019-12-09,66.15865325927734
2019-12-10,66.54531860351562
2019-12-11,67.1129150390625
2019-12-12,67.28392791748047
2019-12-13,68.19853973388672
2019-12-16,69.36595153808594
2019-12-17,69.50227355957031
2019-12-18,69.33621215820312
2019-12-19,69.40560913085938
2019-12-20,69.26185607910156
2019-12-23,70.39208984375
2019-12-24,70.4590072631836
2019-12-26,71.85694122314453
2019-12-27,71.82967376708984
2019-12-30,72.25599670410156
2019-12-31,72.783935546875
2020-01-02,74.4446029663086
2020-01-03,73.72084045410156
2020-01-06,74.30826568603516
2020-01-07,73.95879364013672
2020-01-08,75.14852142333984
2020-01-09,76.7447280883789
2020-01-10,76.91822052001953
2020-01-13,78.56153106689453
2020-01-14,77.50070190429688
2020-01-15,77.16856384277344
2020-01-16,78.13522338867188
2020-01-17,79.000244140625
2020-01-21,78.46488189697266
2020-01-22,78.74495697021484
2020-01-23,79.12418365478516
2020-01-24,78.89614868164062
2020-01-27,76.57618713378906
2020-01-28,78.74247741699219
2020-01-29,80.3907470703125
2020-01-30,80.27424621582031
2020-01-31,76.7149887084961
2020-02-03,76.50431060791016
2020-02-04,79.02999877929688
2020-02-05,79.6744384765625
2020-02-06,80.60638427734375
2020-02-07,79.51072692871094
2020-02-10,79.88835906982422
2020-02-11,79.4063720703125
2020-02-12,81.29209899902344
2020-02-13,80.71321868896484
2020-02-14,80.73308563232422
2020-02-18,79.25482177734375
2020-02-19,80.40264892578125
2020-02-20,79.57780456542969
2020-02-21,77.77655792236328
2020-02-24,74.08214569091797
2020-02-25,71.57282257080078
2020-02-26,72.70822143554688
2020-02-27,67.9554214477539
2020-02-28,67.91566467285156
2020-03-02,74.23866271972656
2020-03-03,71.88089752197266
2020-03-04,75.2150650024414
2020-03-05,72.77530670166016
2020-03-06,71.80884552001953
2020-03-09,66.12933349609375
2020-03-10,70.89207458496094
2020-03-11,68.4299545288086
2020-03-12,61.672176361083984
2020-03-13,69.0610122680664
2020-03-16,60.1765251159668
2020-03-17,62.82249069213867
2020-03-18,61.28459930419922
2020-03-19,60.815032958984375
2020-03-20,56.95415496826172
2020-03-23,55.74421691894531
2020-03-24,61.33677291870117
2020-03-25,60.99888610839844
2020-03-26,64.20883178710938
2020-03-27,61.550437927246094
2020-03-30,63.30696105957031
2020-03-31,63.17776870727539
2020-04-01,59.853538513183594
2020-04-02,60.852294921875
2020-04-03,59.97776794433594
2020-04-06,65.21006774902344
2020-04-07,64.45479583740234
2020-04-08,66.10448455810547
2020-04-09,66.58150482177734
2020-04-13,67.88833618164062
2020-04-14,71.31690979003906
2020-04-15,70.66598510742188
2020-04-16,71.22747039794922
2020-04-17,70.26101684570312
2020-04-20,68.80261993408203
2020-04-21,66.67591094970703
2020-04-22,68.5964126586914
2020-04-23,68.33058166503906
2020-04-24,70.30325317382812
2020-04-27,70.35294342041016
2020-04-28,69.21255493164062
2020-04-29,71.4858627319336
2020-04-30,72.99393463134766
2020-05-01,71.81878662109375
2020-05-04,72.83493041992188
2020-05-05,73.9281005859375
2020-05-06,74.69084167480469
2020-05-07,75.46350860595703
2020-05-08,77.25967407226562
2020-05-11,78.47537231445312
2020-05-12,77.57853698730469
2020-05-13,76.64185333251953
2020-05-14,77.11268615722656
2020-05-15,76.65679168701172
2020-05-18,78.4629135131836
2020-05-19,78.009521484375
2020-05-20,79.52666473388672
2020-05-21,78.93375396728516
2020-05-22,79.44196319580078
2020-05-26,78.90386199951172
2020-05-27,79.24764251708984
2020-05-28,79.28252410888672
2020-05-29,79.2052993774414
2020-06-01,80.17935943603516
2020-06-02,80.55054473876953
2020-06-03,80.99398040771484
2020-06-04,80.29644775390625
2020-06-05,82.5833740234375
2020-06-08,83.07164001464844
2020-06-09,85.69487762451172
2020-06-10,87.89958953857422
2020-06-11,83.67949676513672
2020-06-12,84.40194702148438
2020-06-15,85.44575500488281
2020-06-16,87.71025848388672
2020-06-17,87.58819580078125
2020-06-18,87.62307739257812
2020-06-19,87.1223373413086
2020-06-22,89.40178680419922
2020-06-23,91.31005096435547
2020-06-24,89.6982421875
2020-06-25,90.8890380859375
2020-06-26,88.09640502929688
2020-06-29,90.1267318725586
2020-06-30,90.87906646728516
2020-07-01,90.7071762084961
2020-07-02,90.7071762084961
2020-07-06,93.13361358642578
2020-07-07,92.84463500976562
2020-07-08,95.00699615478516
2020-07-09,95.41555786132812
2020-07-10,95.58246612548828
2020-07-13,95.14152526855469
2020-07-14,96.7159652709961
2020-07-15,97.38111114501953
2020-07-16,96.18284606933594
2020-07-17,95.98853302001953
2020-07-20,98.01139068603516
2020-07-21,96.65866088867188
2020-07-22,96.9301986694336
2020-07-23,92.5182876586914
2020-07-24,92.28909301757812
2020-07-27,94.47636413574219
2020-07-28,92.92435455322266
2020-07-29,94.70555877685547
2020-07-30,95.85151672363281
2020-07-31,105.8860855102539
2020-08-03,108.55415344238281
2020-08-04,109.27909851074219
2020-08-05,109.6751937866211
2020-08-06,113.50167846679688
2020-08-07,110.92113494873047
2020-08-10,112.53335571289062
2020-08-11,109.1866226196289
2020-08-12,112.81536865234375
2020-08-13,114.81192016601562
2020-08-14,114.70960235595703
2020-08-17,114.41011047363281
2020-08-18,115.36347198486328
2020-08-19,115.50821685791016
2020-08-20,118.07129669189453
2020-08-21,124.15579986572266
2020-08-24,125.64073944091797
2020-08-25,124.61001586914062
2020-08-26,126.30459594726562
2020-08-27,124.7947006225586
2020-08-28,124.5925521850586
2020-08-31,128.8177490234375
2020-09-01,133.9488983154297
2020-09-02,131.17369079589844
2020-09-03,120.67180633544922
2020-09-04,120.75167083740234
2020-09-08,112.62569427490234
2020-09-09,117.1179428100586
2020-09-10,113.29454040527344
2020-09-11,111.8071060180664
2020-09-14,115.16131591796875
2020-09-15,115.34101104736328
2020-09-16,111.93688201904297
2020-09-17,110.14996337890625
2020-09-18,106.65599060058594
2020-09-21,109.89041137695312
2020-09-22,111.617431640625
2020-09-23,106.93550872802734
2020-09-24,108.03361511230469
2020-09-25,112.08662414550781
2020-09-28,114.76200866699219
2020-09-29,113.89350128173828
2020-09-30,115.61054229736328
2020-10-01,116.58885955810547
2020-10-02,112.82534790039062
2020-10-05,116.29935455322266
2020-10-06,112.9651107788086
2020-10-07,114.88180541992188
2020-10-08,114.77198791503906
2020-10-09,116.76854705810547
2020-10-12,124.18575286865234
2020-10-13,120.89143371582031
2020-10-14,120.98127746582031
2020-10-15,120.50210571289062
2020-10-16,118.81501007080078
2020-10-19,115.7802505493164
2020-10-20,117.3076171875
2020-10-21,116.6687240600586
2020-10-22,115.55064392089844
2020-10-23,114.84187316894531
2020-10-26,114.85185241699219
2020-10-27,116.39917755126953
2020-10-28,111.00847625732422
2020-10-29,115.12138366699219
2020-10-30,108.67251586914062
